name,status,lat,lng,source,checked_on,note
"사상","source_reviewed","35.1625111","128.9889333","https://ko.wikipedia.org/wiki/사상역_(한국철도공사)","2026-09-21","역 문서 좌표 대조; 측량 정확도 또는 모든 출처의 일치를 보증하지 않음"
"가야","source_reviewed","35.16139","129.04278","https://ko.wikipedia.org/wiki/가야역_(한국철도공사)","2026-09-21","역 문서 좌표 대조; 측량 정확도 또는 모든 출처의 일치를 보증하지 않음"
"범일","source_reviewed","35.1451","129.0575","https://en.wikipedia.org/wiki/Beomil_station_(Korail)","2026-09-21","역 문서 좌표 대조; 측량 정확도 또는 모든 출처의 일치를 보증하지 않음"
"채운신호장","source_reviewed","36.16333","127.04889","https://ko.wikipedia.org/wiki/채운역","2026-09-21","역 문서 좌표 대조; 측량 정확도 또는 모든 출처의 일치를 보증하지 않음"
"연무대","source_reviewed","36.12444","127.0875","https://ko.wikipedia.org/wiki/연무대역","2026-09-21","역 문서 좌표 대조; 측량 정확도 또는 모든 출처의 일치를 보증하지 않음"
"행신","source_reviewed","37.612139","126.834139","https://ko.wikipedia.org/wiki/행신역","2026-09-21","역 문서 좌표 대조; 측량 정확도 또는 모든 출처의 일치를 보증하지 않음"
"서울","source_reviewed","37.555167","126.970833","https://ko.wikipedia.org/wiki/서울역","2026-09-21","역 문서 좌표 대조; 측량 정확도 또는 모든 출처의 일치를 보증하지 않음"
"청량리","source_reviewed","37.580861","127.048389","https://ko.wikipedia.org/wiki/청량리역","2026-09-21","역 문서 좌표 대조; 측량 정확도 또는 모든 출처의 일치를 보증하지 않음"
"상봉","source_reviewed","37.596722","127.08475","https://ko.wikipedia.org/wiki/상봉역","2026-09-21","역 문서 좌표 대조; 측량 정확도 또는 모든 출처의 일치를 보증하지 않음"
"덕소","source_reviewed","37.58639","127.20944","https://ko.wikipedia.org/wiki/덕소역","2026-09-21","역 문서 좌표 대조; 측량 정확도 또는 모든 출처의 일치를 보증하지 않음"
"양평","source_reviewed","37.49833","127.49611","https://ko.wikipedia.org/wiki/양평역_(양평)","2026-09-21","역 문서 좌표 대조; 측량 정확도 또는 모든 출처의 일치를 보증하지 않음"
"서원주","source_reviewed","37.3498","127.837","https://ko.wikipedia.org/wiki/서원주역","2026-09-21","역 문서 좌표 대조; 측량 정확도 또는 모든 출처의 일치를 보증하지 않음"
"만종","source_reviewed","37.356363","127.896399","https://ko.wikipedia.org/wiki/만종역","2026-09-21","역 문서 좌표 대조; 측량 정확도 또는 모든 출처의 일치를 보증하지 않음"
"횡성","source_reviewed","37.48278","128.01028","https://ko.wikipedia.org/wiki/횡성역","2026-09-21","역 문서 좌표 대조; 측량 정확도 또는 모든 출처의 일치를 보증하지 않음"
"둔내","source_reviewed","37.51","128.22111","https://ko.wikipedia.org/wiki/둔내역","2026-09-21","역 문서 좌표 대조; 측량 정확도 또는 모든 출처의 일치를 보증하지 않음"
"평창","source_reviewed","37.56222","128.43","https://ko.wikipedia.org/wiki/평창역","2026-09-21","역 문서 좌표 대조; 측량 정확도 또는 모든 출처의 일치를 보증하지 않음"
"진부(오대산)","source_reviewed","37.6425","128.57472","https://ko.wikipedia.org/wiki/진부역","2026-09-21","역 문서 좌표 대조; 측량 정확도 또는 모든 출처의 일치를 보증하지 않음"
"강릉","source_reviewed","37.7637611","128.8990861","https://ko.wikipedia.org/wiki/강릉역","2026-09-21","역 문서 좌표 대조; 측량 정확도 또는 모든 출처의 일치를 보증하지 않음"
"정동진","source_reviewed","37.6913583","129.0333167","https://ko.wikipedia.org/wiki/정동진역","2026-09-21","역 문서 좌표 대조; 측량 정확도 또는 모든 출처의 일치를 보증하지 않음"
"묵호","source_reviewed","37.5460556","129.1082306","https://ko.wikipedia.org/wiki/묵호역","2026-09-21","역 문서 좌표 대조; 측량 정확도 또는 모든 출처의 일치를 보증하지 않음"
"동해","source_reviewed","37.4979778","129.1227611","https://ko.wikipedia.org/wiki/동해역","2026-09-21","역 문서 좌표 대조; 측량 정확도 또는 모든 출처의 일치를 보증하지 않음"
"판교(성남)","source_reviewed","37.3947611","127.1111361","https://ko.wikipedia.org/wiki/판교역_(성남)","2026-09-21","역 문서 좌표 대조; 측량 정확도 또는 모든 출처의 일치를 보증하지 않음"
"성남","source_reviewed","37.39472","127.11944","https://ko.wikipedia.org/wiki/성남역","2026-09-21","역 문서 좌표 대조; 측량 정확도 또는 모든 출처의 일치를 보증하지 않음"
"이매","source_reviewed","37.3957306","127.1283667","https://ko.wikipedia.org/wiki/이매역","2026-09-21","역 문서 좌표 대조; 측량 정확도 또는 모든 출처의 일치를 보증하지 않음"
"삼동","source_reviewed","37.408654","127.2032791","https://ko.wikipedia.org/wiki/삼동역","2026-09-21","역 문서 좌표 대조; 측량 정확도 또는 모든 출처의 일치를 보증하지 않음"
"경기광주","source_reviewed","37.399198","127.2526508","https://ko.wikipedia.org/wiki/경기광주역","2026-09-21","역 문서 좌표 대조; 측량 정확도 또는 모든 출처의 일치를 보증하지 않음"
"초월","source_reviewed","37.373487","127.299907","https://ko.wikipedia.org/wiki/초월역","2026-09-21","역 문서 좌표 대조; 측량 정확도 또는 모든 출처의 일치를 보증하지 않음"
"곤지암","source_reviewed","37.350518","127.346193","https://ko.wikipedia.org/wiki/곤지암역","2026-09-21","역 문서 좌표 대조; 측량 정확도 또는 모든 출처의 일치를 보증하지 않음"
"신둔도예촌","source_reviewed","37.315493","127.405249","https://ko.wikipedia.org/wiki/신둔도예촌역","2026-09-21","역 문서 좌표 대조; 측량 정확도 또는 모든 출처의 일치를 보증하지 않음"
"이천","source_reviewed","37.26419","127.442045","https://ko.wikipedia.org/wiki/이천역","2026-09-21","역 문서 좌표 대조; 측량 정확도 또는 모든 출처의 일치를 보증하지 않음"
"부발","source_reviewed","37.260411","127.490308","https://ko.wikipedia.org/wiki/부발역","2026-09-21","역 문서 좌표 대조; 측량 정확도 또는 모든 출처의 일치를 보증하지 않음"
"세종대왕릉","source_reviewed","37.293653","127.570796","https://ko.wikipedia.org/wiki/세종대왕릉역","2026-09-21","역 문서 좌표 대조; 측량 정확도 또는 모든 출처의 일치를 보증하지 않음"
"여주","source_reviewed","37.28288","127.62857","https://ko.wikipedia.org/wiki/여주역","2026-09-21","역 문서 좌표 대조; 측량 정확도 또는 모든 출처의 일치를 보증하지 않음"
"광명","source_reviewed","37.41639","126.885","https://ko.wikipedia.org/wiki/광명역","2026-09-21","역 문서 좌표 대조; 측량 정확도 또는 모든 출처의 일치를 보증하지 않음"
"천안아산","source_reviewed","36.79222","127.10444","https://ko.wikipedia.org/wiki/천안아산역","2026-09-21","역 문서 좌표 대조; 측량 정확도 또는 모든 출처의 일치를 보증하지 않음"
"오송","source_reviewed","36.6207917","127.3278","https://ko.wikipedia.org/wiki/오송역","2026-09-21","역 문서 좌표 대조; 측량 정확도 또는 모든 출처의 일치를 보증하지 않음"
"대전","source_reviewed","36.3318944","127.4345222","https://ko.wikipedia.org/wiki/대전역","2026-09-21","역 문서 좌표 대조; 측량 정확도 또는 모든 출처의 일치를 보증하지 않음"
"김천(구미)","source_reviewed","36.1135","128.180972","https://ko.wikipedia.org/wiki/김천(구미)역","2026-09-21","역 문서 좌표 대조; 측량 정확도 또는 모든 출처의 일치를 보증하지 않음"
"서대구","source_reviewed","35.88083","128.53917","https://ko.wikipedia.org/wiki/서대구역","2026-09-21","역 문서 좌표 대조; 측량 정확도 또는 모든 출처의 일치를 보증하지 않음"
"동대구","source_reviewed","35.87801","128.627844","https://ko.wikipedia.org/wiki/동대구역","2026-09-21","역 문서 좌표 대조; 측량 정확도 또는 모든 출처의 일치를 보증하지 않음"
"울산","source_reviewed","35.5506861","129.1379389","https://ko.wikipedia.org/wiki/울산역","2026-09-21","역 문서 좌표 대조; 측량 정확도 또는 모든 출처의 일치를 보증하지 않음"
"부산","source_reviewed","35.1149917","129.0420889","https://ko.wikipedia.org/wiki/부산역","2026-09-21","역 문서 좌표 대조; 측량 정확도 또는 모든 출처의 일치를 보증하지 않음"
"남영","source_reviewed","37.54","126.97139","https://ko.wikipedia.org/wiki/남영역","2026-09-21","역 문서 좌표 대조; 측량 정확도 또는 모든 출처의 일치를 보증하지 않음"
"용산","source_reviewed","37.5297056","126.9647444","https://ko.wikipedia.org/wiki/용산역","2026-09-21","역 문서 좌표 대조; 측량 정확도 또는 모든 출처의 일치를 보증하지 않음"
"노량진","source_reviewed","37.5135","126.940194","https://ko.wikipedia.org/wiki/노량진역","2026-09-21","역 문서 좌표 대조; 측량 정확도 또는 모든 출처의 일치를 보증하지 않음"
"대방","source_reviewed","37.5133","126.9263806","https://ko.wikipedia.org/wiki/대방역","2026-09-21","역 문서 좌표 대조; 측량 정확도 또는 모든 출처의 일치를 보증하지 않음"
"신길","source_reviewed","37.516639","126.918583","https://ko.wikipedia.org/wiki/신길역","2026-09-21","역 문서 좌표 대조; 측량 정확도 또는 모든 출처의 일치를 보증하지 않음"
"영등포","source_reviewed","37.51556","126.90778","https://ko.wikipedia.org/wiki/영등포역","2026-09-21","역 문서 좌표 대조; 측량 정확도 또는 모든 출처의 일치를 보증하지 않음"
"신도림","source_reviewed","37.50917","126.89111","https://ko.wikipedia.org/wiki/신도림역","2026-09-21","역 문서 좌표 대조; 측량 정확도 또는 모든 출처의 일치를 보증하지 않음"
"구로","source_reviewed","37.503111","126.881922","https://ko.wikipedia.org/wiki/구로역","2026-09-21","역 문서 좌표 대조; 측량 정확도 또는 모든 출처의 일치를 보증하지 않음"
"가산디지털단지","source_reviewed","37.4807","126.88295","https://ko.wikipedia.org/wiki/가산디지털단지역","2026-09-21","역 문서 좌표 대조; 측량 정확도 또는 모든 출처의 일치를 보증하지 않음"
"독산","source_reviewed","37.465944","126.8895","https://ko.wikipedia.org/wiki/독산역","2026-09-21","역 문서 좌표 대조; 측량 정확도 또는 모든 출처의 일치를 보증하지 않음"
"금천구청","source_reviewed","37.4552528","126.8942222","https://ko.wikipedia.org/wiki/금천구청역","2026-09-21","역 문서 좌표 대조; 측량 정확도 또는 모든 출처의 일치를 보증하지 않음"
"석수","source_reviewed","37.4341472","126.9025389","https://ko.wikipedia.org/wiki/석수역","2026-09-21","역 문서 좌표 대조; 측량 정확도 또는 모든 출처의 일치를 보증하지 않음"
"관악","source_reviewed","37.4192361","126.9086972","https://ko.wikipedia.org/wiki/관악역","2026-09-21","역 문서 좌표 대조; 측량 정확도 또는 모든 출처의 일치를 보증하지 않음"
"안양","source_reviewed","37.40175","126.922667","https://ko.wikipedia.org/wiki/안양역","2026-09-21","역 문서 좌표 대조; 측량 정확도 또는 모든 출처의 일치를 보증하지 않음"
"명학","source_reviewed","37.3846167","126.9354778","https://ko.wikipedia.org/wiki/명학역","2026-09-21","역 문서 좌표 대조; 측량 정확도 또는 모든 출처의 일치를 보증하지 않음"
"금정","source_reviewed","37.3720861","126.9435694","https://ko.wikipedia.org/wiki/금정역","2026-09-21","역 문서 좌표 대조; 측량 정확도 또는 모든 출처의 일치를 보증하지 않음"
"군포","source_reviewed","37.353611","126.948472","https://ko.wikipedia.org/wiki/군포역","2026-09-21","역 문서 좌표 대조; 측량 정확도 또는 모든 출처의 일치를 보증하지 않음"
"당정","source_reviewed","37.343389","126.948389","https://ko.wikipedia.org/wiki/당정역","2026-09-21","역 문서 좌표 대조; 측량 정확도 또는 모든 출처의 일치를 보증하지 않음"
"의왕","source_reviewed","37.3210667","126.9481417","https://ko.wikipedia.org/wiki/의왕역","2026-09-21","역 문서 좌표 대조; 측량 정확도 또는 모든 출처의 일치를 보증하지 않음"
"성균관대","source_reviewed","37.3002861","126.9710944","https://ko.wikipedia.org/wiki/성균관대역","2026-09-21","역 문서 좌표 대조; 측량 정확도 또는 모든 출처의 일치를 보증하지 않음"
"화서","source_reviewed","37.285","126.98889","https://ko.wikipedia.org/wiki/화서역","2026-09-21","역 문서 좌표 대조; 측량 정확도 또는 모든 출처의 일치를 보증하지 않음"
"수원","source_reviewed","37.262833","127.002639","https://ko.wikipedia.org/wiki/수원역","2026-09-21","역 문서 좌표 대조; 측량 정확도 또는 모든 출처의 일치를 보증하지 않음"
"세류","source_reviewed","37.24417","127.01417","https://ko.wikipedia.org/wiki/세류역","2026-09-21","역 문서 좌표 대조; 측량 정확도 또는 모든 출처의 일치를 보증하지 않음"
"병점","source_reviewed","37.206806","127.033111","https://ko.wikipedia.org/wiki/병점역","2026-09-21","역 문서 좌표 대조; 측량 정확도 또는 모든 출처의 일치를 보증하지 않음"
"세마","source_reviewed","37.1875","127.04333","https://ko.wikipedia.org/wiki/세마역","2026-09-21","역 문서 좌표 대조; 측량 정확도 또는 모든 출처의 일치를 보증하지 않음"
"오산대","source_reviewed","37.16944","127.06306","https://ko.wikipedia.org/wiki/오산대역","2026-09-21","역 문서 좌표 대조; 측량 정확도 또는 모든 출처의 일치를 보증하지 않음"
"오산","source_reviewed","37.14556","127.06722","https://ko.wikipedia.org/wiki/오산역","2026-09-21","역 문서 좌표 대조; 측량 정확도 또는 모든 출처의 일치를 보증하지 않음"
"진위","source_reviewed","37.10944","127.06222","https://ko.wikipedia.org/wiki/진위역","2026-09-21","역 문서 좌표 대조; 측량 정확도 또는 모든 출처의 일치를 보증하지 않음"
"송탄","source_reviewed","37.0756944","127.0543389","https://ko.wikipedia.org/wiki/송탄역","2026-09-21","역 문서 좌표 대조; 측량 정확도 또는 모든 출처의 일치를 보증하지 않음"
"서정리","source_reviewed","37.0574556","127.0530833","https://ko.wikipedia.org/wiki/서정리역","2026-09-21","역 문서 좌표 대조; 측량 정확도 또는 모든 출처의 일치를 보증하지 않음"
"평택지제","source_reviewed","37.01889","127.07028","https://ko.wikipedia.org/wiki/평택지제역","2026-09-21","역 문서 좌표 대조; 측량 정확도 또는 모든 출처의 일치를 보증하지 않음"
"평택","source_reviewed","36.9907972","127.085167","https://ko.wikipedia.org/wiki/평택역","2026-09-21","역 문서 좌표 대조; 측량 정확도 또는 모든 출처의 일치를 보증하지 않음"
"성환","source_reviewed","36.91556","127.12778","https://ko.wikipedia.org/wiki/성환역","2026-09-21","역 문서 좌표 대조; 측량 정확도 또는 모든 출처의 일치를 보증하지 않음"
"직산","source_reviewed","36.87083","127.14389","https://ko.wikipedia.org/wiki/직산역","2026-09-21","역 문서 좌표 대조; 측량 정확도 또는 모든 출처의 일치를 보증하지 않음"
"두정","source_reviewed","36.8339917","127.1491861","https://ko.wikipedia.org/wiki/두정역","2026-09-21","역 문서 좌표 대조; 측량 정확도 또는 모든 출처의 일치를 보증하지 않음"
"천안","source_reviewed","36.8101194","127.146825","https://ko.wikipedia.org/wiki/천안역","2026-09-21","역 문서 좌표 대조; 측량 정확도 또는 모든 출처의 일치를 보증하지 않음"
"소정리","source_reviewed","36.71861","127.15556","https://ko.wikipedia.org/wiki/소정리역","2026-09-21","역 문서 좌표 대조; 측량 정확도 또는 모든 출처의 일치를 보증하지 않음"
"전의","source_reviewed","36.67833","127.20306","https://ko.wikipedia.org/wiki/전의역","2026-09-21","역 문서 좌표 대조; 측량 정확도 또는 모든 출처의 일치를 보증하지 않음"
"전동","source_reviewed","36.65417","127.26528","https://ko.wikipedia.org/wiki/전동역","2026-09-21","역 문서 좌표 대조; 측량 정확도 또는 모든 출처의 일치를 보증하지 않음"
"서창","source_reviewed","36.6259694","127.2902972","https://ko.wikipedia.org/wiki/서창역","2026-09-21","역 문서 좌표 대조; 측량 정확도 또는 모든 출처의 일치를 보증하지 않음"
"조치원","source_reviewed","36.6043361","127.2954278","https://ko.wikipedia.org/wiki/조치원역","2026-09-21","역 문서 좌표 대조; 측량 정확도 또는 모든 출처의 일치를 보증하지 않음"
"내판","source_reviewed","36.55722","127.32472","https://ko.wikipedia.org/wiki/내판역","2026-09-21","역 문서 좌표 대조; 측량 정확도 또는 모든 출처의 일치를 보증하지 않음"
"부강","source_reviewed","36.53222","127.36528","https://ko.wikipedia.org/wiki/부강역","2026-09-21","역 문서 좌표 대조; 측량 정확도 또는 모든 출처의 일치를 보증하지 않음"
"매포","source_reviewed","36.49889","127.39083","https://ko.wikipedia.org/wiki/매포역","2026-09-21","역 문서 좌표 대조; 측량 정확도 또는 모든 출처의 일치를 보증하지 않음"
"신탄진","source_reviewed","36.4491028","127.4284028","https://ko.wikipedia.org/wiki/신탄진역","2026-09-21","역 문서 좌표 대조; 측량 정확도 또는 모든 출처의 일치를 보증하지 않음"
"회덕","source_reviewed","36.4025","127.42167","https://ko.wikipedia.org/wiki/회덕역","2026-09-21","역 문서 좌표 대조; 측량 정확도 또는 모든 출처의 일치를 보증하지 않음"
"대전조차장","source_reviewed","36.37111","127.4225","https://ko.wikipedia.org/wiki/대전조차장역","2026-09-21","역 문서 좌표 대조; 측량 정확도 또는 모든 출처의 일치를 보증하지 않음"
"세천","source_reviewed","36.33667","127.49111","https://ko.wikipedia.org/wiki/세천역","2026-09-21","역 문서 좌표 대조; 측량 정확도 또는 모든 출처의 일치를 보증하지 않음"
"옥천","source_reviewed","36.2976583","127.5652861","https://ko.wikipedia.org/wiki/옥천역","2026-09-21","역 문서 좌표 대조; 측량 정확도 또는 모든 출처의 일치를 보증하지 않음"
"이원","source_reviewed","36.24389","127.61806","https://ko.wikipedia.org/wiki/이원역","2026-09-21","역 문서 좌표 대조; 측량 정확도 또는 모든 출처의 일치를 보증하지 않음"
"지탄","source_reviewed","36.24167","127.67583","https://ko.wikipedia.org/wiki/지탄역","2026-09-21","역 문서 좌표 대조; 측량 정확도 또는 모든 출처의 일치를 보증하지 않음"
"심천","source_reviewed","36.23694","127.72028","https://ko.wikipedia.org/wiki/심천역","2026-09-21","역 문서 좌표 대조; 측량 정확도 또는 모든 출처의 일치를 보증하지 않음"
"각계","source_reviewed","36.20806","127.72556","https://ko.wikipedia.org/wiki/각계역","2026-09-21","역 문서 좌표 대조; 측량 정확도 또는 모든 출처의 일치를 보증하지 않음"
"영동","source_reviewed","36.17222","127.78667","https://ko.wikipedia.org/wiki/영동역","2026-09-21","역 문서 좌표 대조; 측량 정확도 또는 모든 출처의 일치를 보증하지 않음"
"황간","source_reviewed","36.22417","127.91222","https://ko.wikipedia.org/wiki/황간역","2026-09-21","역 문서 좌표 대조; 측량 정확도 또는 모든 출처의 일치를 보증하지 않음"
"추풍령","source_reviewed","36.21333","127.99583","https://ko.wikipedia.org/wiki/추풍령역","2026-09-21","역 문서 좌표 대조; 측량 정확도 또는 모든 출처의 일치를 보증하지 않음"
"신암","source_reviewed","36.16194","128.01056","https://ko.wikipedia.org/wiki/신암역","2026-09-21","역 문서 좌표 대조; 측량 정확도 또는 모든 출처의 일치를 보증하지 않음"
"직지사","source_reviewed","36.125","128.03972","https://ko.wikipedia.org/wiki/직지사역","2026-09-21","역 문서 좌표 대조; 측량 정확도 또는 모든 출처의 일치를 보증하지 않음"
"김천","source_reviewed","36.12333","128.11472","https://ko.wikipedia.org/wiki/김천역","2026-09-21","역 문서 좌표 대조; 측량 정확도 또는 모든 출처의 일치를 보증하지 않음"
"대신","source_reviewed","36.15278","128.19639","https://ko.wikipedia.org/wiki/대신역","2026-09-21","역 문서 좌표 대조; 측량 정확도 또는 모든 출처의 일치를 보증하지 않음"
"아포","source_reviewed","36.15861","128.25722","https://ko.wikipedia.org/wiki/아포역","2026-09-21","역 문서 좌표 대조; 측량 정확도 또는 모든 출처의 일치를 보증하지 않음"
"구미","source_reviewed","36.1287694","128.3296222","https://ko.wikipedia.org/wiki/구미역","2026-09-21","역 문서 좌표 대조; 측량 정확도 또는 모든 출처의 일치를 보증하지 않음"
"사곡","source_reviewed","36.09806","128.35611","https://ko.wikipedia.org/wiki/사곡역","2026-09-21","역 문서 좌표 대조; 측량 정확도 또는 모든 출처의 일치를 보증하지 않음"
"북삼","source_reviewed","36.05611","128.34528","https://ko.wikipedia.org/wiki/북삼역","2026-09-21","역 문서 좌표 대조; 측량 정확도 또는 모든 출처의 일치를 보증하지 않음"
"약목","source_reviewed","36.03722","128.36444","https://ko.wikipedia.org/wiki/약목역","2026-09-21","역 문서 좌표 대조; 측량 정확도 또는 모든 출처의 일치를 보증하지 않음"
"왜관","source_reviewed","35.99222","128.40028","https://ko.wikipedia.org/wiki/왜관역","2026-09-21","역 문서 좌표 대조; 측량 정확도 또는 모든 출처의 일치를 보증하지 않음"
"연화","source_reviewed","35.965","128.44722","https://ko.wikipedia.org/wiki/연화역","2026-09-21","역 문서 좌표 대조; 측량 정확도 또는 모든 출처의 일치를 보증하지 않음"
"신동","source_reviewed","35.95556","128.48528","https://ko.wikipedia.org/wiki/신동역","2026-09-21","역 문서 좌표 대조; 측량 정확도 또는 모든 출처의 일치를 보증하지 않음"
"지천","source_reviewed","35.8975","128.50028","https://ko.wikipedia.org/wiki/지천역","2026-09-21","역 문서 좌표 대조; 측량 정확도 또는 모든 출처의 일치를 보증하지 않음"
"대구","source_reviewed","35.8759306","128.5960528","https://ko.wikipedia.org/wiki/대구역","2026-09-21","역 문서 좌표 대조; 측량 정확도 또는 모든 출처의 일치를 보증하지 않음"
"고모","source_reviewed","35.85889","128.67861","https://ko.wikipedia.org/wiki/고모역","2026-09-21","역 문서 좌표 대조; 측량 정확도 또는 모든 출처의 일치를 보증하지 않음"
"가천","source_reviewed","35.85361","128.69306","https://ko.wikipedia.org/wiki/가천역","2026-09-21","역 문서 좌표 대조; 측량 정확도 또는 모든 출처의 일치를 보증하지 않음"
"경산","source_reviewed","35.8192944","128.72806","https://ko.wikipedia.org/wiki/경산역","2026-09-21","역 문서 좌표 대조; 측량 정확도 또는 모든 출처의 일치를 보증하지 않음"
"삼성","source_reviewed","35.7654278","128.7203833","https://ko.wikipedia.org/wiki/삼성역_(경산)","2026-09-21","역 문서 좌표 대조; 측량 정확도 또는 모든 출처의 일치를 보증하지 않음"
"남성현","source_reviewed","35.70528","128.71694","https://ko.wikipedia.org/wiki/남성현역","2026-09-21","역 문서 좌표 대조; 측량 정확도 또는 모든 출처의 일치를 보증하지 않음"
"청도","source_reviewed","35.64","128.74639","https://ko.wikipedia.org/wiki/청도역","2026-09-21","역 문서 좌표 대조; 측량 정확도 또는 모든 출처의 일치를 보증하지 않음"
"신거","source_reviewed","35.59806","128.76528","https://ko.wikipedia.org/wiki/신거역","2026-09-21","역 문서 좌표 대조; 측량 정확도 또는 모든 출처의 일치를 보증하지 않음"
"상동","source_reviewed","35.55556","128.76056","https://ko.wikipedia.org/wiki/상동역_(밀양)","2026-09-21","역 문서 좌표 대조; 측량 정확도 또는 모든 출처의 일치를 보증하지 않음"
"밀양","source_reviewed","35.4753111","128.7702","https://ko.wikipedia.org/wiki/밀양역","2026-09-21","역 문서 좌표 대조; 측량 정확도 또는 모든 출처의 일치를 보증하지 않음"
"미전","source_reviewed","35.40083","128.82444","https://ko.wikipedia.org/wiki/미전역","2026-09-21","역 문서 좌표 대조; 측량 정확도 또는 모든 출처의 일치를 보증하지 않음"
"삼랑진","source_reviewed","35.39917","128.84306","https://ko.wikipedia.org/wiki/삼랑진역","2026-09-21","역 문서 좌표 대조; 측량 정확도 또는 모든 출처의 일치를 보증하지 않음"
"원동","source_reviewed","35.3626528","128.9202722","https://ko.wikipedia.org/wiki/원동역","2026-09-21","역 문서 좌표 대조; 측량 정확도 또는 모든 출처의 일치를 보증하지 않음"
"물금","source_reviewed","35.3071472","128.9853694","https://ko.wikipedia.org/wiki/물금역","2026-09-21","역 문서 좌표 대조; 측량 정확도 또는 모든 출처의 일치를 보증하지 않음"
"화명","source_reviewed","35.23778","129.00667","https://ko.wikipedia.org/wiki/화명역_(한국철도공사)","2026-09-21","역 문서 좌표 대조; 측량 정확도 또는 모든 출처의 일치를 보증하지 않음"
"구포","source_reviewed","35.2046111","128.9965583","https://ko.wikipedia.org/wiki/구포역_(한국철도공사)","2026-09-21","역 문서 좌표 대조; 측량 정확도 또는 모든 출처의 일치를 보증하지 않음"
"부산진","source_reviewed","35.128725","129.0499056","https://ko.wikipedia.org/wiki/부산진역_(한국철도공사)","2026-09-21","역 문서 좌표 대조; 측량 정확도 또는 모든 출처의 일치를 보증하지 않음"
"옥산","source_reviewed","36.2829222","128.0944278","https://ko.wikipedia.org/wiki/옥산역","2026-09-21","역 문서 좌표 대조; 측량 정확도 또는 모든 출처의 일치를 보증하지 않음"
"청리","source_reviewed","36.33917","128.12889","https://ko.wikipedia.org/wiki/청리역","2026-09-21","역 문서 좌표 대조; 측량 정확도 또는 모든 출처의 일치를 보증하지 않음"
"상주","source_reviewed","36.4103917","128.1639028","https://ko.wikipedia.org/wiki/상주역","2026-09-21","역 문서 좌표 대조; 측량 정확도 또는 모든 출처의 일치를 보증하지 않음"
"백원","source_reviewed","36.48194","128.175","https://ko.wikipedia.org/wiki/백원역_(상주)","2026-09-21","역 문서 좌표 대조; 측량 정확도 또는 모든 출처의 일치를 보증하지 않음"
"함창","source_reviewed","36.56972","128.17472","https://ko.wikipedia.org/wiki/함창역","2026-09-21","역 문서 좌표 대조; 측량 정확도 또는 모든 출처의 일치를 보증하지 않음"
"점촌","source_reviewed","36.5956083","128.2033528","https://ko.wikipedia.org/wiki/점촌역","2026-09-21","역 문서 좌표 대조; 측량 정확도 또는 모든 출처의 일치를 보증하지 않음"
"용궁","source_reviewed","36.60417","128.27722","https://ko.wikipedia.org/wiki/용궁역","2026-09-21","역 문서 좌표 대조; 측량 정확도 또는 모든 출처의 일치를 보증하지 않음"
"개포","source_reviewed","36.6269167","128.3286222","https://ko.wikipedia.org/wiki/개포역","2026-09-21","역 문서 좌표 대조; 측량 정확도 또는 모든 출처의 일치를 보증하지 않음"
"예천","source_reviewed","36.6478222","128.444361","https://ko.wikipedia.org/wiki/예천역","2026-09-21","역 문서 좌표 대조; 측량 정확도 또는 모든 출처의 일치를 보증하지 않음"
"어등","source_reviewed","36.71528","128.56","https://ko.wikipedia.org/wiki/어등역","2026-09-21","역 문서 좌표 대조; 측량 정확도 또는 모든 출처의 일치를 보증하지 않음"
"영주","source_reviewed","36.8109361","128.6257472","https://ko.wikipedia.org/wiki/영주역","2026-09-21","역 문서 좌표 대조; 측량 정확도 또는 모든 출처의 일치를 보증하지 않음"
"이촌","source_reviewed","37.52254","126.97316","https://ko.wikipedia.org/wiki/이촌역","2026-09-21","역 문서 좌표 대조; 측량 정확도 또는 모든 출처의 일치를 보증하지 않음"
"서빙고","source_reviewed","37.5195694","126.9885583","https://ko.wikipedia.org/wiki/서빙고역","2026-09-21","역 문서 좌표 대조; 측량 정확도 또는 모든 출처의 일치를 보증하지 않음"
"한남","source_reviewed","37.5291306","127.0080972","https://ko.wikipedia.org/wiki/한남역","2026-09-21","역 문서 좌표 대조; 측량 정확도 또는 모든 출처의 일치를 보증하지 않음"
"옥수","source_reviewed","37.5405","127.018722","https://ko.wikipedia.org/wiki/옥수역","2026-09-21","역 문서 좌표 대조; 측량 정확도 또는 모든 출처의 일치를 보증하지 않음"
"응봉","source_reviewed","37.5508333","127.0351833","https://ko.wikipedia.org/wiki/응봉역","2026-09-21","역 문서 좌표 대조; 측량 정확도 또는 모든 출처의 일치를 보증하지 않음"
"왕십리","source_reviewed","37.561583","127.038417","https://ko.wikipedia.org/wiki/왕십리역","2026-09-21","역 문서 좌표 대조; 측량 정확도 또는 모든 출처의 일치를 보증하지 않음"
"회기","source_reviewed","37.58917","127.05722","https://ko.wikipedia.org/wiki/회기역","2026-09-21","역 문서 좌표 대조; 측량 정확도 또는 모든 출처의 일치를 보증하지 않음"
"외대앞","source_reviewed","37.595","127.06278","https://ko.wikipedia.org/wiki/외대앞역","2026-09-21","역 문서 좌표 대조; 측량 정확도 또는 모든 출처의 일치를 보증하지 않음"
"신이문","source_reviewed","37.6025","127.0675","https://ko.wikipedia.org/wiki/신이문역","2026-09-21","역 문서 좌표 대조; 측량 정확도 또는 모든 출처의 일치를 보증하지 않음"
"석계","source_reviewed","37.61472","127.06528","https://ko.wikipedia.org/wiki/석계역","2026-09-21","역 문서 좌표 대조; 측량 정확도 또는 모든 출처의 일치를 보증하지 않음"
"광운대","source_reviewed","37.62306","127.06139","https://ko.wikipedia.org/wiki/광운대역","2026-09-21","역 문서 좌표 대조; 측량 정확도 또는 모든 출처의 일치를 보증하지 않음"
"월계","source_reviewed","37.63167","127.05806","https://ko.wikipedia.org/wiki/월계역","2026-09-21","역 문서 좌표 대조; 측량 정확도 또는 모든 출처의 일치를 보증하지 않음"
"녹천","source_reviewed","37.64472","127.05083","https://ko.wikipedia.org/wiki/녹천역","2026-09-21","역 문서 좌표 대조; 측량 정확도 또는 모든 출처의 일치를 보증하지 않음"
"창동","source_reviewed","37.6525","127.04694","https://ko.wikipedia.org/wiki/창동역","2026-09-21","역 문서 좌표 대조; 측량 정확도 또는 모든 출처의 일치를 보증하지 않음"
"방학","source_reviewed","37.66722","127.04417","https://ko.wikipedia.org/wiki/방학역","2026-09-21","역 문서 좌표 대조; 측량 정확도 또는 모든 출처의 일치를 보증하지 않음"
"도봉","source_reviewed","37.67917","127.04528","https://ko.wikipedia.org/wiki/도봉역","2026-09-21","역 문서 좌표 대조; 측량 정확도 또는 모든 출처의 일치를 보증하지 않음"
"도봉산","source_reviewed","37.68944","127.04583","https://ko.wikipedia.org/wiki/도봉산역","2026-09-21","역 문서 좌표 대조; 측량 정확도 또는 모든 출처의 일치를 보증하지 않음"
"망월사","source_reviewed","37.71028","127.0475","https://ko.wikipedia.org/wiki/망월사역","2026-09-21","역 문서 좌표 대조; 측량 정확도 또는 모든 출처의 일치를 보증하지 않음"
"회룡","source_reviewed","37.724361","127.047361","https://ko.wikipedia.org/wiki/회룡역","2026-09-21","역 문서 좌표 대조; 측량 정확도 또는 모든 출처의 일치를 보증하지 않음"
"의정부","source_reviewed","37.73806","127.04611","https://ko.wikipedia.org/wiki/의정부역","2026-09-21","역 문서 좌표 대조; 측량 정확도 또는 모든 출처의 일치를 보증하지 않음"
"가능","source_reviewed","37.74833","127.04417","https://ko.wikipedia.org/wiki/가능역","2026-09-21","역 문서 좌표 대조; 측량 정확도 또는 모든 출처의 일치를 보증하지 않음"
"녹양","source_reviewed","37.75889","127.04194","https://ko.wikipedia.org/wiki/녹양역","2026-09-21","역 문서 좌표 대조; 측량 정확도 또는 모든 출처의 일치를 보증하지 않음"
"양주","source_reviewed","37.77444","127.04472","https://ko.wikipedia.org/wiki/양주역","2026-09-21","역 문서 좌표 대조; 측량 정확도 또는 모든 출처의 일치를 보증하지 않음"
"마전신호장","source_reviewed","37.79274483","127.050210562","https://rail.blue/railroad/logis/stationinfo.aspx?id=173","2026-09-21","역 문서 좌표 대조; 측량 정확도 또는 모든 출처의 일치를 보증하지 않음"
"덕계","source_reviewed","37.81889","127.05639","https://ko.wikipedia.org/wiki/덕계역","2026-09-21","역 문서 좌표 대조; 측량 정확도 또는 모든 출처의 일치를 보증하지 않음"
"덕정","source_reviewed","37.84444","127.06139","https://ko.wikipedia.org/wiki/덕정역","2026-09-21","역 문서 좌표 대조; 측량 정확도 또는 모든 출처의 일치를 보증하지 않음"
"지행","source_reviewed","37.89222","127.05556","https://ko.wikipedia.org/wiki/지행역","2026-09-21","역 문서 좌표 대조; 측량 정확도 또는 모든 출처의 일치를 보증하지 않음"
"동두천중앙","source_reviewed","37.90222","127.05639","https://ko.wikipedia.org/wiki/동두천중앙역","2026-09-21","역 문서 좌표 대조; 측량 정확도 또는 모든 출처의 일치를 보증하지 않음"
"보산","source_reviewed","37.91361","127.05722","https://ko.wikipedia.org/wiki/보산역","2026-09-21","역 문서 좌표 대조; 측량 정확도 또는 모든 출처의 일치를 보증하지 않음"
"동두천","source_reviewed","37.92774","127.054691","https://ko.wikipedia.org/wiki/동두천역","2026-09-21","역 문서 좌표 대조; 측량 정확도 또는 모든 출처의 일치를 보증하지 않음"
"소요산","source_reviewed","37.947986","127.060714","https://ko.wikipedia.org/wiki/소요산역","2026-09-21","역 문서 좌표 대조; 측량 정확도 또는 모든 출처의 일치를 보증하지 않음"
"청산","source_reviewed","37.99528","127.07444","https://ko.wikipedia.org/wiki/청산역","2026-09-21","역 문서 좌표 대조; 측량 정확도 또는 모든 출처의 일치를 보증하지 않음"
"한탄강","source_reviewed","38.0071","127.065","https://ko.wikipedia.org/wiki/한탄강역","2026-09-21","역 문서 좌표 대조; 측량 정확도 또는 모든 출처의 일치를 보증하지 않음"
"전곡","source_reviewed","38.0246056","127.0711361","https://ko.wikipedia.org/wiki/전곡역","2026-09-21","역 문서 좌표 대조; 측량 정확도 또는 모든 출처의 일치를 보증하지 않음"
"연천","source_reviewed","38.10167","127.07389","https://ko.wikipedia.org/wiki/연천역","2026-09-21","역 문서 좌표 대조; 측량 정확도 또는 모든 출처의 일치를 보증하지 않음"
"신망리","source_reviewed","38.1381889","127.0836389","https://ko.wikipedia.org/wiki/신망리역","2026-09-21","역 문서 좌표 대조; 측량 정확도 또는 모든 출처의 일치를 보증하지 않음"
"대광리","source_reviewed","38.1834111","127.1078833","https://ko.wikipedia.org/wiki/대광리역","2026-09-21","역 문서 좌표 대조; 측량 정확도 또는 모든 출처의 일치를 보증하지 않음"
"신탄리","source_reviewed","38.2129667","127.1396861","https://ko.wikipedia.org/wiki/신탄리역","2026-09-21","역 문서 좌표 대조; 측량 정확도 또는 모든 출처의 일치를 보증하지 않음"
"백마고지","source_reviewed","38.257368","127.165992","https://ko.wikipedia.org/wiki/백마고지역","2026-09-21","역 문서 좌표 대조; 측량 정확도 또는 모든 출처의 일치를 보증하지 않음"
"신촌","source_reviewed","37.55972","126.94306","https://ko.wikipedia.org/wiki/신촌역_(경의선)","2026-09-21","역 문서 좌표 대조; 측량 정확도 또는 모든 출처의 일치를 보증하지 않음"
"가좌","source_reviewed","37.5686556","126.91525","https://ko.wikipedia.org/wiki/가좌역","2026-09-21","역 문서 좌표 대조; 측량 정확도 또는 모든 출처의 일치를 보증하지 않음"
"디지털미디어시티","source_reviewed","37.577722","126.900083","https://ko.wikipedia.org/wiki/디지털미디어시티역","2026-09-21","역 문서 좌표 대조; 측량 정확도 또는 모든 출처의 일치를 보증하지 않음"
"수색","source_reviewed","37.5817611","126.8939472","https://ko.wikipedia.org/wiki/수색역","2026-09-21","역 문서 좌표 대조; 측량 정확도 또는 모든 출처의 일치를 보증하지 않음"
"한국항공대","source_reviewed","37.603525","126.8677139","https://ko.wikipedia.org/wiki/한국항공대역","2026-09-21","역 문서 좌표 대조; 측량 정확도 또는 모든 출처의 일치를 보증하지 않음"
"강매","source_reviewed","37.612194","126.843194","https://ko.wikipedia.org/wiki/강매역","2026-09-21","역 문서 좌표 대조; 측량 정확도 또는 모든 출처의 일치를 보증하지 않음"
"능곡","source_reviewed","37.618972","126.820583","https://ko.wikipedia.org/wiki/능곡역","2026-09-21","역 문서 좌표 대조; 측량 정확도 또는 모든 출처의 일치를 보증하지 않음"
"대곡","source_reviewed","37.630875","126.8105333","https://ko.wikipedia.org/wiki/대곡역_(고양)","2026-09-21","역 문서 좌표 대조; 측량 정확도 또는 모든 출처의 일치를 보증하지 않음"
"곡산","source_reviewed","37.645722","126.801778","https://ko.wikipedia.org/wiki/곡산역","2026-09-21","역 문서 좌표 대조; 측량 정확도 또는 모든 출처의 일치를 보증하지 않음"
"백마","source_reviewed","37.65825","126.794444","https://ko.wikipedia.org/wiki/백마역","2026-09-21","역 문서 좌표 대조; 측량 정확도 또는 모든 출처의 일치를 보증하지 않음"
"풍산","source_reviewed","37.672028","126.786444","https://ko.wikipedia.org/wiki/풍산역_(고양)","2026-09-21","역 문서 좌표 대조; 측량 정확도 또는 모든 출처의 일치를 보증하지 않음"
"일산","source_reviewed","37.6823417","126.7695472","https://ko.wikipedia.org/wiki/일산역","2026-09-21","역 문서 좌표 대조; 측량 정확도 또는 모든 출처의 일치를 보증하지 않음"
"탄현","source_reviewed","37.693778","126.761056","https://ko.wikipedia.org/wiki/탄현역","2026-09-21","역 문서 좌표 대조; 측량 정확도 또는 모든 출처의 일치를 보증하지 않음"
"야당","source_reviewed","37.71275","126.761417","https://ko.wikipedia.org/wiki/야당역","2026-09-21","역 문서 좌표 대조; 측량 정확도 또는 모든 출처의 일치를 보증하지 않음"
"운정","source_reviewed","37.72525","126.767","https://ko.wikipedia.org/wiki/운정역","2026-09-21","역 문서 좌표 대조; 측량 정확도 또는 모든 출처의 일치를 보증하지 않음"
"금릉","source_reviewed","37.7515","126.765222","https://ko.wikipedia.org/wiki/금릉역","2026-09-21","역 문서 좌표 대조; 측량 정확도 또는 모든 출처의 일치를 보증하지 않음"
"금촌","source_reviewed","37.76583","126.773917","https://ko.wikipedia.org/wiki/금촌역","2026-09-21","역 문서 좌표 대조; 측량 정확도 또는 모든 출처의 일치를 보증하지 않음"
"월롱","source_reviewed","37.796194","126.792556","https://ko.wikipedia.org/wiki/월롱역","2026-09-21","역 문서 좌표 대조; 측량 정확도 또는 모든 출처의 일치를 보증하지 않음"
"파주","source_reviewed","37.815194","126.792806","https://ko.wikipedia.org/wiki/파주역","2026-09-21","역 문서 좌표 대조; 측량 정확도 또는 모든 출처의 일치를 보증하지 않음"
"문산","source_reviewed","37.854556","126.787583","https://ko.wikipedia.org/wiki/문산역","2026-09-21","역 문서 좌표 대조; 측량 정확도 또는 모든 출처의 일치를 보증하지 않음"
"운천","source_reviewed","37.8794222","126.7704556","https://ko.wikipedia.org/wiki/운천역_(파주)","2026-09-21","역 문서 좌표 대조; 측량 정확도 또는 모든 출처의 일치를 보증하지 않음"
"임진강","source_reviewed","37.88806","126.74694","https://ko.wikipedia.org/wiki/임진강역","2026-09-21","역 문서 좌표 대조; 측량 정확도 또는 모든 출처의 일치를 보증하지 않음"
"도라산","source_reviewed","37.8985083","126.7092944","https://ko.wikipedia.org/wiki/도라산역","2026-09-21","역 문서 좌표 대조; 측량 정확도 또는 모든 출처의 일치를 보증하지 않음"
"구일","source_reviewed","37.49611","126.86972","https://ko.wikipedia.org/wiki/구일역","2026-09-21","역 문서 좌표 대조; 측량 정확도 또는 모든 출처의 일치를 보증하지 않음"
"개봉","source_reviewed","37.494583","126.85875","https://ko.wikipedia.org/wiki/개봉역","2026-09-21","역 문서 좌표 대조; 측량 정확도 또는 모든 출처의 일치를 보증하지 않음"
"오류동","source_reviewed","37.494389","126.844833","https://ko.wikipedia.org/wiki/오류동역","2026-09-21","역 문서 좌표 대조; 측량 정확도 또는 모든 출처의 일치를 보증하지 않음"
"온수","source_reviewed","37.49203","126.82304","https://ko.wikipedia.org/wiki/온수역","2026-09-21","역 문서 좌표 대조; 측량 정확도 또는 모든 출처의 일치를 보증하지 않음"
"역곡","source_reviewed","37.485","126.81139","https://ko.wikipedia.org/wiki/역곡역","2026-09-21","역 문서 좌표 대조; 측량 정확도 또는 모든 출처의 일치를 보증하지 않음"
"소사","source_reviewed","37.48275","126.795806","https://ko.wikipedia.org/wiki/소사역","2026-09-21","역 문서 좌표 대조; 측량 정확도 또는 모든 출처의 일치를 보증하지 않음"
"부천","source_reviewed","37.484056","126.782528","https://ko.wikipedia.org/wiki/부천역","2026-09-21","역 문서 좌표 대조; 측량 정확도 또는 모든 출처의 일치를 보증하지 않음"
"중동","source_reviewed","37.48667","126.764222","https://ko.wikipedia.org/wiki/중동역_(부천)","2026-09-21","역 문서 좌표 대조; 측량 정확도 또는 모든 출처의 일치를 보증하지 않음"
"송내","source_reviewed","37.487639","126.752917","https://ko.wikipedia.org/wiki/송내역","2026-09-21","역 문서 좌표 대조; 측량 정확도 또는 모든 출처의 일치를 보증하지 않음"
"부개","source_reviewed","37.488472","126.740583","https://ko.wikipedia.org/wiki/부개역","2026-09-21","역 문서 좌표 대조; 측량 정확도 또는 모든 출처의 일치를 보증하지 않음"
"부평","source_reviewed","37.490417","126.723472","https://ko.wikipedia.org/wiki/부평역","2026-09-21","역 문서 좌표 대조; 측량 정확도 또는 모든 출처의 일치를 보증하지 않음"
"백운","source_reviewed","37.483528","126.707611","https://ko.wikipedia.org/wiki/백운역","2026-09-21","역 문서 좌표 대조; 측량 정확도 또는 모든 출처의 일치를 보증하지 않음"
"동암","source_reviewed","37.470889","126.702917","https://ko.wikipedia.org/wiki/동암역","2026-09-21","역 문서 좌표 대조; 측량 정확도 또는 모든 출처의 일치를 보증하지 않음"
"간석","source_reviewed","37.464694","126.693778","https://ko.wikipedia.org/wiki/간석역","2026-09-21","역 문서 좌표 대조; 측량 정확도 또는 모든 출처의 일치를 보증하지 않음"
"주안","source_reviewed","37.464972","126.680639","https://ko.wikipedia.org/wiki/주안역","2026-09-21","역 문서 좌표 대조; 측량 정확도 또는 모든 출처의 일치를 보증하지 않음"
"도화","source_reviewed","37.4661167","126.6682639","https://ko.wikipedia.org/wiki/도화역","2026-09-21","역 문서 좌표 대조; 측량 정확도 또는 모든 출처의 일치를 보증하지 않음"
"제물포","source_reviewed","37.4667833","126.6568","https://ko.wikipedia.org/wiki/제물포역","2026-09-21","역 문서 좌표 대조; 측량 정확도 또는 모든 출처의 일치를 보증하지 않음"
"도원","source_reviewed","37.468675","126.6423139","https://ko.wikipedia.org/wiki/도원역","2026-09-21","역 문서 좌표 대조; 측량 정확도 또는 모든 출처의 일치를 보증하지 않음"
"동인천","source_reviewed","37.4751528","126.6328639","https://ko.wikipedia.org/wiki/동인천역","2026-09-21","역 문서 좌표 대조; 측량 정확도 또는 모든 출처의 일치를 보증하지 않음"
"인천","source_reviewed","37.47583","126.61667","https://ko.wikipedia.org/wiki/인천역","2026-09-21","역 문서 좌표 대조; 측량 정확도 또는 모든 출처의 일치를 보증하지 않음"
"낙동강","source_reviewed","35.3885528","128.8302306","https://ko.wikipedia.org/wiki/낙동강역","2026-09-21","역 문서 좌표 대조; 측량 정확도 또는 모든 출처의 일치를 보증하지 않음"
"한림정","source_reviewed","35.321556","128.8035306","https://ko.wikipedia.org/wiki/한림정역","2026-09-21","역 문서 좌표 대조; 측량 정확도 또는 모든 출처의 일치를 보증하지 않음"
"진영","source_reviewed","35.298566752","128.774117761","https://rail.blue/railroad/logis/stationinfo.aspx?id=240","2026-09-21","위키 좌표와 상이; 현 주소 김해대로 809의 Rail.Blue 좌표 채택"
"진례","source_reviewed","35.2625","128.76056","https://ko.wikipedia.org/wiki/진례역","2026-09-21","역 문서 좌표 대조; 측량 정확도 또는 모든 출처의 일치를 보증하지 않음"
"창원중앙","source_reviewed","35.2422677","128.7018634","https://ko.wikipedia.org/wiki/창원중앙역","2026-09-21","역 문서 좌표 대조; 측량 정확도 또는 모든 출처의 일치를 보증하지 않음"
"창원","source_reviewed","35.257539","128.606526","https://ko.wikipedia.org/wiki/창원역","2026-09-21","역 문서 좌표 대조; 측량 정확도 또는 모든 출처의 일치를 보증하지 않음"
"마산","source_reviewed","35.2358972","128.577275","https://ko.wikipedia.org/wiki/마산역","2026-09-21","역 문서 좌표 대조; 측량 정확도 또는 모든 출처의 일치를 보증하지 않음"
"중리","source_reviewed","35.24972","128.51917","https://ko.wikipedia.org/wiki/중리역","2026-09-21","역 문서 좌표 대조; 측량 정확도 또는 모든 출처의 일치를 보증하지 않음"
"함안","source_reviewed","35.24917","128.42472","https://ko.wikipedia.org/wiki/함안역","2026-09-21","역 문서 좌표 대조; 측량 정확도 또는 모든 출처의 일치를 보증하지 않음"
"군북","source_reviewed","35.251528","128.350472","https://ko.wikipedia.org/wiki/군북역","2026-09-21","역 문서 좌표 대조; 측량 정확도 또는 모든 출처의 일치를 보증하지 않음"
"반성","source_reviewed","35.17472","128.25806","https://ko.wikipedia.org/wiki/반성역","2026-09-21","역 문서 좌표 대조; 측량 정확도 또는 모든 출처의 일치를 보증하지 않음"
"진주","source_reviewed","35.15","128.11806","https://ko.wikipedia.org/wiki/진주역","2026-09-21","역 문서 좌표 대조; 측량 정확도 또는 모든 출처의 일치를 보증하지 않음"
"완사","source_reviewed","35.13917","127.97972","https://ko.wikipedia.org/wiki/완사역","2026-09-21","역 문서 좌표 대조; 측량 정확도 또는 모든 출처의 일치를 보증하지 않음"
"북천","source_reviewed","35.11167","127.88361","https://ko.wikipedia.org/wiki/북천역","2026-09-21","역 문서 좌표 대조; 측량 정확도 또는 모든 출처의 일치를 보증하지 않음"
"횡천","source_reviewed","35.09944","127.80139","https://ko.wikipedia.org/wiki/횡천역","2026-09-21","역 문서 좌표 대조; 측량 정확도 또는 모든 출처의 일치를 보증하지 않음"
"하동","source_reviewed","35.06361","127.76167","https://ko.wikipedia.org/wiki/하동역","2026-09-21","역 문서 좌표 대조; 측량 정확도 또는 모든 출처의 일치를 보증하지 않음"
"진상","source_reviewed","35.0165","127.7198","https://ko.wikipedia.org/wiki/진상역","2026-09-21","역 문서 좌표 대조; 측량 정확도 또는 모든 출처의 일치를 보증하지 않음"
"광양","source_reviewed","34.95611","127.58778","https://ko.wikipedia.org/wiki/광양역","2026-09-21","역 문서 좌표 대조; 측량 정확도 또는 모든 출처의 일치를 보증하지 않음"
"평화신호장","source_reviewed","34.94278","127.55083","https://ko.wikipedia.org/wiki/평화역","2026-09-21","역 문서 좌표 대조; 측량 정확도 또는 모든 출처의 일치를 보증하지 않음"
"순천","source_reviewed","34.9463694","127.5022056","https://en.wikipedia.org/wiki/Suncheon_station","2026-09-21","역 문서 좌표 대조; 측량 정확도 또는 모든 출처의 일치를 보증하지 않음"
"원창","source_reviewed","34.8658972","127.4479528","https://ko.wikipedia.org/wiki/원창역","2026-09-21","역 문서 좌표 대조; 측량 정확도 또는 모든 출처의 일치를 보증하지 않음"
"구룡(순천)","source_reviewed","34.8412611","127.4171056","https://ko.wikipedia.org/wiki/구룡역_(순천)","2026-09-21","역 문서 좌표 대조; 측량 정확도 또는 모든 출처의 일치를 보증하지 않음"
"벌교","source_reviewed","34.8418167","127.3457472","https://ko.wikipedia.org/wiki/벌교역","2026-09-21","역 문서 좌표 대조; 측량 정확도 또는 모든 출처의 일치를 보증하지 않음"
"조성","source_reviewed","34.80222","127.25056","https://ko.wikipedia.org/wiki/조성역","2026-09-21","역 문서 좌표 대조; 측량 정확도 또는 모든 출처의 일치를 보증하지 않음"
"예당","source_reviewed","34.7787417","127.2029278","https://ko.wikipedia.org/wiki/예당역","2026-09-21","역 문서 좌표 대조; 측량 정확도 또는 모든 출처의 일치를 보증하지 않음"
"득량","source_reviewed","34.7615","127.1701972","https://ko.wikipedia.org/wiki/득량역","2026-09-21","역 문서 좌표 대조; 측량 정확도 또는 모든 출처의 일치를 보증하지 않음"
"보성","source_reviewed","34.7667139","127.0826778","https://ko.wikipedia.org/wiki/보성역","2026-09-21","역 문서 좌표 대조; 측량 정확도 또는 모든 출처의 일치를 보증하지 않음"
"광곡","source_reviewed","34.79639","127.07306","https://ko.wikipedia.org/wiki/광곡역","2026-09-21","역 문서 좌표 대조; 측량 정확도 또는 모든 출처의 일치를 보증하지 않음"
"명봉","source_reviewed","34.8275889","127.0760778","https://ko.wikipedia.org/wiki/명봉역","2026-09-21","역 문서 좌표 대조; 측량 정확도 또는 모든 출처의 일치를 보증하지 않음"
"도림","source_reviewed","34.86694","127.01083","https://ko.wikipedia.org/wiki/도림역","2026-09-21","역 문서 좌표 대조; 측량 정확도 또는 모든 출처의 일치를 보증하지 않음"
"이양","source_reviewed","34.8907472","126.990025","https://ko.wikipedia.org/wiki/이양역","2026-09-21","역 문서 좌표 대조; 측량 정확도 또는 모든 출처의 일치를 보증하지 않음"
"입교","source_reviewed","34.93306","126.985","https://ko.wikipedia.org/wiki/입교역","2026-09-21","역 문서 좌표 대조; 측량 정확도 또는 모든 출처의 일치를 보증하지 않음"
"능주","source_reviewed","34.98806","126.95917","https://ko.wikipedia.org/wiki/능주역","2026-09-21","역 문서 좌표 대조; 측량 정확도 또는 모든 출처의 일치를 보증하지 않음"
"만수","source_reviewed","35.018738596","126.952423967","https://rail.blue/railroad/logis/stationinfo.aspx?id=10002131","2026-09-21","역 문서 좌표 대조; 측량 정확도 또는 모든 출처의 일치를 보증하지 않음"
"화순","source_reviewed","35.0513278","126.9619778","https://ko.wikipedia.org/wiki/화순역","2026-09-21","역 문서 좌표 대조; 측량 정확도 또는 모든 출처의 일치를 보증하지 않음"
"남평","source_reviewed","35.06194","126.87083","https://ko.wikipedia.org/wiki/남평역","2026-09-21","역 문서 좌표 대조; 측량 정확도 또는 모든 출처의 일치를 보증하지 않음"
"효천","source_reviewed","35.1027611","126.8766667","https://ko.wikipedia.org/wiki/효천역","2026-09-21","역 문서 좌표 대조; 측량 정확도 또는 모든 출처의 일치를 보증하지 않음"
"서광주","source_reviewed","35.125","126.8465639","https://ko.wikipedia.org/wiki/서광주역","2026-09-21","역 문서 좌표 대조; 측량 정확도 또는 모든 출처의 일치를 보증하지 않음"
"광주송정","source_reviewed","35.1378444","126.7902333","https://ko.wikipedia.org/wiki/광주송정역","2026-09-21","역 문서 좌표 대조; 측량 정확도 또는 모든 출처의 일치를 보증하지 않음"
"망우","source_reviewed","37.59917","127.09222","https://ko.wikipedia.org/wiki/망우역","2026-09-21","역 문서 좌표 대조; 측량 정확도 또는 모든 출처의 일치를 보증하지 않음"
"신내","source_reviewed","37.6129","127.1032","https://ko.wikipedia.org/wiki/신내역","2026-09-21","역 문서 좌표 대조; 측량 정확도 또는 모든 출처의 일치를 보증하지 않음"
"갈매","source_reviewed","37.6341361","127.1148028","https://ko.wikipedia.org/wiki/갈매역","2026-09-21","역 문서 좌표 대조; 측량 정확도 또는 모든 출처의 일치를 보증하지 않음"
"별내","source_reviewed","37.6422194","127.1272083","https://ko.wikipedia.org/wiki/별내역","2026-09-21","역 문서 좌표 대조; 측량 정확도 또는 모든 출처의 일치를 보증하지 않음"
"퇴계원","source_reviewed","37.64833","127.14417","https://ko.wikipedia.org/wiki/퇴계원역","2026-09-21","역 문서 좌표 대조; 측량 정확도 또는 모든 출처의 일치를 보증하지 않음"
"사릉","source_reviewed","37.65028","127.17889","https://ko.wikipedia.org/wiki/사릉역","2026-09-21","역 문서 좌표 대조; 측량 정확도 또는 모든 출처의 일치를 보증하지 않음"
"금곡","source_reviewed","37.63306","127.20194","https://ko.wikipedia.org/wiki/금곡역_(남양주)","2026-09-21","역 문서 좌표 대조; 측량 정확도 또는 모든 출처의 일치를 보증하지 않음"
"평내호평","source_reviewed","37.65333","127.24361","https://ko.wikipedia.org/wiki/평내호평역","2026-09-21","역 문서 좌표 대조; 측량 정확도 또는 모든 출처의 일치를 보증하지 않음"
"천마산","source_reviewed","37.6578","127.2871583","https://ko.wikipedia.org/wiki/천마산역","2026-09-21","역 문서 좌표 대조; 측량 정확도 또는 모든 출처의 일치를 보증하지 않음"
"마석","source_reviewed","37.65222","127.31222","https://ko.wikipedia.org/wiki/마석역","2026-09-21","역 문서 좌표 대조; 측량 정확도 또는 모든 출처의 일치를 보증하지 않음"
"대성리","source_reviewed","37.68444","127.37944","https://ko.wikipedia.org/wiki/대성리역","2026-09-21","역 문서 좌표 대조; 측량 정확도 또는 모든 출처의 일치를 보증하지 않음"
"청평","source_reviewed","37.73528","127.42639","https://ko.wikipedia.org/wiki/청평역","2026-09-21","역 문서 좌표 대조; 측량 정확도 또는 모든 출처의 일치를 보증하지 않음"
"상천","source_reviewed","37.76972","127.45389","https://ko.wikipedia.org/wiki/상천역","2026-09-21","역 문서 좌표 대조; 측량 정확도 또는 모든 출처의 일치를 보증하지 않음"
"가평","source_reviewed","37.82417","127.51306","https://ko.wikipedia.org/wiki/가평역","2026-09-21","역 문서 좌표 대조; 측량 정확도 또는 모든 출처의 일치를 보증하지 않음"
"굴봉산","source_reviewed","37.843","127.55035","https://ko.wikipedia.org/wiki/굴봉산역","2026-09-21","역 문서 좌표 대조; 측량 정확도 또는 모든 출처의 일치를 보증하지 않음"
"백양리","source_reviewed","37.830821416","127.589090374","https://rail.blue/railroad/logis/stationinfo.aspx?id=298","2026-09-21","구역 좌표와 구분; 2010년 이전된 현역 좌표 채택"
"강촌","source_reviewed","37.81639","127.63167","https://ko.wikipedia.org/wiki/강촌역","2026-09-21","역 문서 좌표 대조; 측량 정확도 또는 모든 출처의 일치를 보증하지 않음"
"김유정","source_reviewed","37.81944","127.71611","https://ko.wikipedia.org/wiki/김유정역","2026-09-21","역 문서 좌표 대조; 측량 정확도 또는 모든 출처의 일치를 보증하지 않음"
"남춘천","source_reviewed","37.86111","127.72917","https://ko.wikipedia.org/wiki/남춘천역","2026-09-21","역 문서 좌표 대조; 측량 정확도 또는 모든 출처의 일치를 보증하지 않음"
"춘천","source_reviewed","37.8847972","127.7169083","https://ko.wikipedia.org/wiki/춘천역","2026-09-21","역 문서 좌표 대조; 측량 정확도 또는 모든 출처의 일치를 보증하지 않음"
"범계","source_reviewed","37.38965","126.9506139","https://ko.wikipedia.org/wiki/범계역","2026-09-21","역 문서 좌표 대조; 측량 정확도 또는 모든 출처의 일치를 보증하지 않음"
"평촌","source_reviewed","37.3942972","126.9638472","https://ko.wikipedia.org/wiki/평촌역","2026-09-21","역 문서 좌표 대조; 측량 정확도 또는 모든 출처의 일치를 보증하지 않음"
"인덕원","source_reviewed","37.401639","126.97667","https://ko.wikipedia.org/wiki/인덕원역","2026-09-21","역 문서 좌표 대조; 측량 정확도 또는 모든 출처의 일치를 보증하지 않음"
"과천정보타운","source_reviewed","37.4125","126.97944","https://ko.wikipedia.org/wiki/과천정보타운역","2026-09-21","역 문서 좌표 대조; 측량 정확도 또는 모든 출처의 일치를 보증하지 않음"
"정부과천청사","source_reviewed","37.426472","126.989917","https://ko.wikipedia.org/wiki/정부과천청사역","2026-09-21","역 문서 좌표 대조; 측량 정확도 또는 모든 출처의 일치를 보증하지 않음"
"과천","source_reviewed","37.43306","126.99694","https://ko.wikipedia.org/wiki/과천역","2026-09-21","역 문서 좌표 대조; 측량 정확도 또는 모든 출처의 일치를 보증하지 않음"
"대공원","source_reviewed","37.43556","127.00639","https://ko.wikipedia.org/wiki/대공원역_(과천)","2026-09-21","역 문서 좌표 대조; 측량 정확도 또는 모든 출처의 일치를 보증하지 않음"
"경마공원","source_reviewed","37.44417","127.00778","https://ko.wikipedia.org/wiki/경마공원역","2026-09-21","역 문서 좌표 대조; 측량 정확도 또는 모든 출처의 일치를 보증하지 않음"
"선바위","source_reviewed","37.451861","127.002139","https://ko.wikipedia.org/wiki/선바위역","2026-09-21","역 문서 좌표 대조; 측량 정확도 또는 모든 출처의 일치를 보증하지 않음"
"남태령","source_reviewed","37.46389","126.98917","https://ko.wikipedia.org/wiki/남태령역","2026-09-21","역 문서 좌표 대조; 측량 정확도 또는 모든 출처의 일치를 보증하지 않음"
"초남","source_reviewed","34.92972","127.60861","https://ko.wikipedia.org/wiki/초남역","2026-09-21","역 문서 좌표 대조; 측량 정확도 또는 모든 출처의 일치를 보증하지 않음"
"황길","source_reviewed","34.91889","127.66222","https://ko.wikipedia.org/wiki/황길역","2026-09-21","역 문서 좌표 대조; 측량 정확도 또는 모든 출처의 일치를 보증하지 않음"
"태금","source_reviewed","34.93056","127.71528","https://ko.wikipedia.org/wiki/태금역","2026-09-21","역 문서 좌표 대조; 측량 정확도 또는 모든 출처의 일치를 보증하지 않음"
"광양항","source_reviewed","34.92306","127.68583","https://ko.wikipedia.org/wiki/광양항역","2026-09-21","역 문서 좌표 대조; 측량 정확도 또는 모든 출처의 일치를 보증하지 않음"
"극락강","source_reviewed","35.176181","126.830588","https://ko.wikipedia.org/wiki/극락강역","2026-09-21","역 문서 좌표 대조; 측량 정확도 또는 모든 출처의 일치를 보증하지 않음"
"광주","source_reviewed","35.165317","126.909188","https://ko.wikipedia.org/wiki/광주역","2026-09-21","역 문서 좌표 대조; 측량 정확도 또는 모든 출처의 일치를 보증하지 않음"
"부조","source_reviewed","36.00194","129.2825","https://ko.wikipedia.org/wiki/부조역","2026-09-21","역 문서 좌표 대조; 측량 정확도 또는 모든 출처의 일치를 보증하지 않음"
"효자","source_reviewed","36.0075","129.33361","https://ko.wikipedia.org/wiki/효자역_(포항)","2026-09-21","역 문서 좌표 대조; 측량 정확도 또는 모든 출처의 일치를 보증하지 않음"
"괴동","source_reviewed","35.996571","129.375064","https://ko.wikipedia.org/wiki/괴동역","2026-09-21","역 문서 좌표 대조; 측량 정확도 또는 모든 출처의 일치를 보증하지 않음"
"대정","source_reviewed","37.64111","126.82111","https://ko.wikipedia.org/wiki/대정역","2026-09-21","역 문서 좌표 대조; 측량 정확도 또는 모든 출처의 일치를 보증하지 않음"
"원릉","source_reviewed","37.6625","126.83972","https://ko.wikipedia.org/wiki/원릉역","2026-09-21","역 문서 좌표 대조; 측량 정확도 또는 모든 출처의 일치를 보증하지 않음"
"삼릉","source_reviewed","37.67861","126.85028","https://ko.wikipedia.org/wiki/삼릉역","2026-09-21","역 문서 좌표 대조; 측량 정확도 또는 모든 출처의 일치를 보증하지 않음"
"벽제","source_reviewed","37.68028","126.89361","https://ko.wikipedia.org/wiki/벽제역","2026-09-21","역 문서 좌표 대조; 측량 정확도 또는 모든 출처의 일치를 보증하지 않음"
"일영","source_reviewed","37.70056","126.92917","https://ko.wikipedia.org/wiki/일영역","2026-09-21","역 문서 좌표 대조; 측량 정확도 또는 모든 출처의 일치를 보증하지 않음"
"장흥","source_reviewed","37.71861","126.94139","https://ko.wikipedia.org/wiki/장흥역_(양주)","2026-09-21","역 문서 좌표 대조; 측량 정확도 또는 모든 출처의 일치를 보증하지 않음"
"온릉","source_reviewed","37.71833","126.94889","https://ko.wikipedia.org/wiki/온릉역","2026-09-21","역 문서 좌표 대조; 측량 정확도 또는 모든 출처의 일치를 보증하지 않음"
"송추","source_reviewed","37.72083","126.97972","https://ko.wikipedia.org/wiki/송추역","2026-09-21","역 문서 좌표 대조; 측량 정확도 또는 모든 출처의 일치를 보증하지 않음"
"대야","source_reviewed","35.94472","126.82389","https://ko.wikipedia.org/wiki/대야역","2026-09-21","역 문서 좌표 대조; 측량 정확도 또는 모든 출처의 일치를 보증하지 않음"
"군산옥산","source_reviewed","35.94306","126.73639","https://ko.wikipedia.org/wiki/군산옥산신호장","2026-09-21","옥구선 군산옥산신호장과 군산항선 군산옥산 동일 시설 통합"
"군산항","source_reviewed","35.9725","126.56111","https://ko.wikipedia.org/wiki/군산항역","2026-09-21","역 문서 좌표 대조; 측량 정확도 또는 모든 출처의 일치를 보증하지 않음"
"군산화물선분기","pending","","","https://ko.wikipedia.org/wiki/군산화물선분기역","2026-09-21","조회한 출처에서 확정 좌표 미확보"
"개정","source_reviewed","35.96194","126.76778","https://ko.wikipedia.org/wiki/개정역","2026-09-21","역 문서 좌표 대조; 측량 정확도 또는 모든 출처의 일치를 보증하지 않음"
"군산화물","source_reviewed","35.9802139","126.7207917","https://ko.wikipedia.org/wiki/군산화물역","2026-09-21","역 문서 좌표 대조; 측량 정확도 또는 모든 출처의 일치를 보증하지 않음"
"금강","source_reviewed","35.8625","128.73722","https://ko.wikipedia.org/wiki/금강역","2026-09-21","역 문서 좌표 대조; 측량 정확도 또는 모든 출처의 일치를 보증하지 않음"
"청천","source_reviewed","35.8801722","128.7672694","https://ko.wikipedia.org/wiki/청천역","2026-09-21","역 문서 좌표 대조; 측량 정확도 또는 모든 출처의 일치를 보증하지 않음"
"하양","source_reviewed","35.909111","128.81835","https://ko.wikipedia.org/wiki/하양역","2026-09-21","역 문서 좌표 대조; 측량 정확도 또는 모든 출처의 일치를 보증하지 않음"
"금호","source_reviewed","35.9317333","128.8688556","https://ko.wikipedia.org/wiki/금호역_(영천)","2026-09-21","역 문서 좌표 대조; 측량 정확도 또는 모든 출처의 일치를 보증하지 않음"
"봉정","source_reviewed","35.92833","128.90917","https://ko.wikipedia.org/wiki/봉정역","2026-09-21","역 문서 좌표 대조; 측량 정확도 또는 모든 출처의 일치를 보증하지 않음"
"영천","source_reviewed","35.959512","128.939282","https://ko.wikipedia.org/wiki/영천역","2026-09-21","역 문서 좌표 대조; 측량 정확도 또는 모든 출처의 일치를 보증하지 않음"
"일로","source_reviewed","34.8474944","126.47655","https://ko.wikipedia.org/wiki/일로역","2026-09-21","역 문서 좌표 대조; 측량 정확도 또는 모든 출처의 일치를 보증하지 않음"
"대불","source_reviewed","34.77333","126.41889","https://ko.wikipedia.org/wiki/대불역","2026-09-21","역 문서 좌표 대조; 측량 정확도 또는 모든 출처의 일치를 보증하지 않음"
"용강","source_reviewed","35.27111","128.63917","https://ko.wikipedia.org/wiki/용강신호소","2026-09-21","역 문서 좌표 대조; 측량 정확도 또는 모든 출처의 일치를 보증하지 않음"
"덕산","source_reviewed","35.28083","128.68806","https://ko.wikipedia.org/wiki/덕산역","2026-09-21","역 문서 좌표 대조; 측량 정확도 또는 모든 출처의 일치를 보증하지 않음"
"제진","source_reviewed","38.56722","128.38806","https://ko.wikipedia.org/wiki/제진역","2026-09-21","역 문서 좌표 대조; 측량 정확도 또는 모든 출처의 일치를 보증하지 않음"
"감호","source_reviewed","38.63953111","128.33344","https://ko.wikipedia.org/wiki/감호역","2026-09-21","역 문서 좌표 대조; 측량 정확도 또는 모든 출처의 일치를 보증하지 않음"
"부전","source_reviewed","35.164556","129.0601722","https://ko.wikipedia.org/wiki/부전역_(한국철도공사)","2026-09-21","역 문서 좌표 대조; 측량 정확도 또는 모든 출처의 일치를 보증하지 않음"
"거제해맞이","source_reviewed","35.1822472","129.0692","https://ko.wikipedia.org/wiki/거제해맞이역","2026-09-21","역 문서 좌표 대조; 측량 정확도 또는 모든 출처의 일치를 보증하지 않음"
"거제","source_reviewed","35.1908917","129.0755167","https://ko.wikipedia.org/wiki/거제역","2026-09-21","역 문서 좌표 대조; 측량 정확도 또는 모든 출처의 일치를 보증하지 않음"
"교대","source_reviewed","35.19889","129.07722","https://ko.wikipedia.org/wiki/교대역_(부산)","2026-09-21","역 문서 좌표 대조; 측량 정확도 또는 모든 출처의 일치를 보증하지 않음"
"동래","source_reviewed","35.1975722","129.0897556","https://ko.wikipedia.org/wiki/동래역_(한국철도공사)","2026-09-21","역 문서 좌표 대조; 측량 정확도 또는 모든 출처의 일치를 보증하지 않음"
"안락","source_reviewed","35.1959611","129.1038028","https://ko.wikipedia.org/wiki/안락역","2026-09-21","역 문서 좌표 대조; 측량 정확도 또는 모든 출처의 일치를 보증하지 않음"
"부산원동","source_reviewed","35.19361","129.11417","https://ko.wikipedia.org/wiki/부산원동역","2026-09-21","역 문서 좌표 대조; 측량 정확도 또는 모든 출처의 일치를 보증하지 않음"
"재송","source_reviewed","35.1895361","129.1201028","https://ko.wikipedia.org/wiki/재송역","2026-09-21","역 문서 좌표 대조; 측량 정확도 또는 모든 출처의 일치를 보증하지 않음"
"센텀","source_reviewed","35.179167","129.124972","https://ko.wikipedia.org/wiki/센텀역","2026-09-21","역 문서 좌표 대조; 측량 정확도 또는 모든 출처의 일치를 보증하지 않음"
"벡스코","source_reviewed","35.17167","129.13583","https://ko.wikipedia.org/wiki/벡스코역","2026-09-21","역 문서 좌표 대조; 측량 정확도 또는 모든 출처의 일치를 보증하지 않음"
"신해운대","source_reviewed","35.181674","129.177087","https://ko.wikipedia.org/wiki/신해운대역","2026-09-21","역 문서 좌표 대조; 측량 정확도 또는 모든 출처의 일치를 보증하지 않음"
"송정","source_reviewed","35.1809278","129.1999306","https://ko.wikipedia.org/wiki/송정역_(부산)","2026-09-21","역 문서 좌표 대조; 측량 정확도 또는 모든 출처의 일치를 보증하지 않음"
"오시리아","source_reviewed","35.196306","129.208361","https://ko.wikipedia.org/wiki/오시리아역","2026-09-21","역 문서 좌표 대조; 측량 정확도 또는 모든 출처의 일치를 보증하지 않음"
"기장","source_reviewed","35.24139","129.21806","https://ko.wikipedia.org/wiki/기장역","2026-09-21","역 문서 좌표 대조; 측량 정확도 또는 모든 출처의 일치를 보증하지 않음"
"일광","source_reviewed","35.2665475","129.232816889","https://ko.wikipedia.org/wiki/일광역","2026-09-21","역 문서 좌표 대조; 측량 정확도 또는 모든 출처의 일치를 보증하지 않음"
"좌천","source_reviewed","35.31194","129.245","https://ko.wikipedia.org/wiki/좌천역_(한국철도공사)","2026-09-21","역 문서 좌표 대조; 측량 정확도 또는 모든 출처의 일치를 보증하지 않음"
"월내","source_reviewed","35.32167","129.27389","https://ko.wikipedia.org/wiki/월내역","2026-09-21","역 문서 좌표 대조; 측량 정확도 또는 모든 출처의 일치를 보증하지 않음"
"서생","source_reviewed","35.34472","129.29222","https://ko.wikipedia.org/wiki/서생역","2026-09-21","역 문서 좌표 대조; 측량 정확도 또는 모든 출처의 일치를 보증하지 않음"
"남창","source_reviewed","35.4173278","129.2835333","https://ko.wikipedia.org/wiki/남창역","2026-09-21","역 문서 좌표 대조; 측량 정확도 또는 모든 출처의 일치를 보증하지 않음"
"망양","source_reviewed","35.45583","129.28806","https://ko.wikipedia.org/wiki/망양역","2026-09-21","역 문서 좌표 대조; 측량 정확도 또는 모든 출처의 일치를 보증하지 않음"
"덕하","source_reviewed","35.4954972","129.3093278","https://ko.wikipedia.org/wiki/덕하역","2026-09-21","역 문서 좌표 대조; 측량 정확도 또는 모든 출처의 일치를 보증하지 않음"
"개운포","source_reviewed","35.50778","129.32111","https://ko.wikipedia.org/wiki/개운포역","2026-09-21","역 문서 좌표 대조; 측량 정확도 또는 모든 출처의 일치를 보증하지 않음"
"태화강","source_reviewed","35.53917","129.35417","https://ko.wikipedia.org/wiki/태화강역","2026-09-21","역 문서 좌표 대조; 측량 정확도 또는 모든 출처의 일치를 보증하지 않음"
"북울산","source_reviewed","35.61472","129.37222","https://ko.wikipedia.org/wiki/북울산역","2026-09-21","역 문서 좌표 대조; 측량 정확도 또는 모든 출처의 일치를 보증하지 않음"
"외동신호장","source_reviewed","35.7075","129.32194","https://ko.wikipedia.org/wiki/외동역","2026-09-21","역 문서 좌표 대조; 측량 정확도 또는 모든 출처의 일치를 보증하지 않음"
"경주","source_reviewed","35.79833","129.13889","https://ko.wikipedia.org/wiki/경주역","2026-09-21","현재 건천읍 경주역; 신경주 명칭 통합"
"서경주","source_reviewed","35.885","129.18","https://ko.wikipedia.org/wiki/서경주역","2026-09-21","역 문서 좌표 대조; 측량 정확도 또는 모든 출처의 일치를 보증하지 않음"
"안강","source_reviewed","35.97056","129.23278","https://ko.wikipedia.org/wiki/안강역","2026-09-21","역 문서 좌표 대조; 측량 정확도 또는 모든 출처의 일치를 보증하지 않음"
"포항","source_reviewed","36.07139","129.34222","https://ko.wikipedia.org/wiki/포항역","2026-09-21","역 문서 좌표 대조; 측량 정확도 또는 모든 출처의 일치를 보증하지 않음"
"월포","source_reviewed","36.20355611","129.36641694","https://ko.wikipedia.org/wiki/월포역","2026-09-21","역 문서 좌표 대조; 측량 정확도 또는 모든 출처의 일치를 보증하지 않음"
"장사","source_reviewed","36.284139","129.369139","https://ko.wikipedia.org/wiki/장사역","2026-09-21","역 문서 좌표 대조; 측량 정확도 또는 모든 출처의 일치를 보증하지 않음"
"강구","source_reviewed","36.35239611","129.37257806","https://ko.wikipedia.org/wiki/강구역_(영덕)","2026-09-21","역 문서 좌표 대조; 측량 정확도 또는 모든 출처의 일치를 보증하지 않음"
"영덕","source_reviewed","36.4104200889","129.3773053389","https://ko.wikipedia.org/wiki/영덕역","2026-09-21","역 문서 좌표 대조; 측량 정확도 또는 모든 출처의 일치를 보증하지 않음"
"영해","source_reviewed","36.53806","129.39667","https://ko.wikipedia.org/wiki/영해역","2026-09-21","역 문서 좌표 대조; 측량 정확도 또는 모든 출처의 일치를 보증하지 않음"
"고래불","source_reviewed","36.60278","129.40639","https://ko.wikipedia.org/wiki/고래불역","2026-09-21","역 문서 좌표 대조; 측량 정확도 또는 모든 출처의 일치를 보증하지 않음"
"후포","source_reviewed","36.68306","129.43694","https://ko.wikipedia.org/wiki/후포역","2026-09-21","역 문서 좌표 대조; 측량 정확도 또는 모든 출처의 일치를 보증하지 않음"
"평해","source_reviewed","36.72528","129.44556","https://ko.wikipedia.org/wiki/평해역","2026-09-21","역 문서 좌표 대조; 측량 정확도 또는 모든 출처의 일치를 보증하지 않음"
"기성","source_reviewed","36.79028","129.4475","https://ko.wikipedia.org/wiki/기성역_(울진)","2026-09-21","역 문서 좌표 대조; 측량 정확도 또는 모든 출처의 일치를 보증하지 않음"
"매화","source_reviewed","36.88278","129.40972","https://ko.wikipedia.org/wiki/매화역_(경상북도)","2026-09-21","역 문서 좌표 대조; 측량 정확도 또는 모든 출처의 일치를 보증하지 않음"
"울진","source_reviewed","36.98278","129.395","https://ko.wikipedia.org/wiki/울진역","2026-09-21","역 문서 좌표 대조; 측량 정확도 또는 모든 출처의 일치를 보증하지 않음"
"죽변","source_reviewed","37.04917","129.40417","https://ko.wikipedia.org/wiki/죽변역","2026-09-21","역 문서 좌표 대조; 측량 정확도 또는 모든 출처의 일치를 보증하지 않음"
"흥부","source_reviewed","37.09694","129.36917","https://ko.wikipedia.org/wiki/흥부역","2026-09-21","역 문서 좌표 대조; 측량 정확도 또는 모든 출처의 일치를 보증하지 않음"
"옥원","source_reviewed","37.18389","129.32417","https://ko.wikipedia.org/wiki/옥원역","2026-09-21","역 문서 좌표 대조; 측량 정확도 또는 모든 출처의 일치를 보증하지 않음"
"임원","source_reviewed","37.24056","129.32639","https://ko.wikipedia.org/wiki/임원역","2026-09-21","역 문서 좌표 대조; 측량 정확도 또는 모든 출처의 일치를 보증하지 않음"
"근덕","source_reviewed","37.31472","129.27722","https://ko.wikipedia.org/wiki/근덕역","2026-09-21","역 문서 좌표 대조; 측량 정확도 또는 모든 출처의 일치를 보증하지 않음"
"삼척","source_reviewed","37.4299278","129.178722","https://ko.wikipedia.org/wiki/삼척역","2026-09-21","역 문서 좌표 대조; 측량 정확도 또는 모든 출처의 일치를 보증하지 않음"
"신보성","source_reviewed","34.75944","127.08528","https://ko.wikipedia.org/wiki/신보성역","2026-09-21","역 문서 좌표 대조; 측량 정확도 또는 모든 출처의 일치를 보증하지 않음"
"장동","source_reviewed","34.75389","126.99611","https://ko.wikipedia.org/wiki/장동역_(장흥)","2026-09-21","역 문서 좌표 대조; 측량 정확도 또는 모든 출처의 일치를 보증하지 않음"
"전남장흥","source_reviewed","34.66917","126.91167","https://ko.wikipedia.org/wiki/전남장흥역","2026-09-21","역 문서 좌표 대조; 측량 정확도 또는 모든 출처의 일치를 보증하지 않음"
"강진","source_reviewed","34.62806","126.77139","https://ko.wikipedia.org/wiki/강진역","2026-09-21","역 문서 좌표 대조; 측량 정확도 또는 모든 출처의 일치를 보증하지 않음"
"해남","source_reviewed","34.63639","126.63833","https://ko.wikipedia.org/wiki/해남역","2026-09-21","역 문서 좌표 대조; 측량 정확도 또는 모든 출처의 일치를 보증하지 않음"
"영암","source_reviewed","34.75944","126.53056","https://ko.wikipedia.org/wiki/영암역","2026-09-21","역 문서 좌표 대조; 측량 정확도 또는 모든 출처의 일치를 보증하지 않음"
"임성리","source_reviewed","34.820389","126.435417","https://ko.wikipedia.org/wiki/임성리역","2026-09-21","역 문서 좌표 대조; 측량 정확도 또는 모든 출처의 일치를 보증하지 않음"
"묵호항","source_reviewed","37.5398528","129.1121028","https://ko.wikipedia.org/wiki/묵호항역","2026-09-21","역 문서 좌표 대조; 측량 정확도 또는 모든 출처의 일치를 보증하지 않음"
"주평","source_reviewed","36.64306","128.17056","https://ko.wikipedia.org/wiki/주평역","2026-09-21","역 문서 좌표 대조; 측량 정확도 또는 모든 출처의 일치를 보증하지 않음"
"진남","source_reviewed","36.65528","128.12806","https://ko.wikipedia.org/wiki/진남역","2026-09-21","역 문서 좌표 대조; 측량 정확도 또는 모든 출처의 일치를 보증하지 않음"
"문경(구역)","source_reviewed","36.7294444","128.1063889","https://www.wikidata.org/wiki/Q1597551","2026-09-21","역 문서 좌표 대조; 측량 정확도 또는 모든 출처의 일치를 보증하지 않음"
"서동탄","source_reviewed","37.19575","127.051778","https://ko.wikipedia.org/wiki/서동탄역","2026-09-21","역 문서 좌표 대조; 측량 정확도 또는 모든 출처의 일치를 보증하지 않음"
"부강화물","source_reviewed","36.545","127.34889","https://ko.wikipedia.org/wiki/부강화물역","2026-09-21","역 문서 좌표 대조; 측량 정확도 또는 모든 출처의 일치를 보증하지 않음"
"장유","source_reviewed","35.21083","128.82083","https://ko.wikipedia.org/wiki/장유역","2026-09-21","역 문서 좌표 대조; 측량 정확도 또는 모든 출처의 일치를 보증하지 않음"
"부산신항","source_reviewed","35.11429","128.8463","https://ko.wikipedia.org/wiki/부산신항역","2026-09-21","역 문서 좌표 대조; 측량 정확도 또는 모든 출처의 일치를 보증하지 않음"
"동산","source_reviewed","35.875","127.08778","https://ko.wikipedia.org/wiki/동산역","2026-09-21","역 문서 좌표 대조; 측량 정확도 또는 모든 출처의 일치를 보증하지 않음"
"북전주","source_reviewed","35.86694","127.09722","https://ko.wikipedia.org/wiki/북전주역","2026-09-21","역 문서 좌표 대조; 측량 정확도 또는 모든 출처의 일치를 보증하지 않음"
"삼화","source_reviewed","37.48583","129.06278","https://ko.wikipedia.org/wiki/삼화역","2026-09-21","역 문서 좌표 대조; 측량 정확도 또는 모든 출처의 일치를 보증하지 않음"
"서울숲","source_reviewed","37.5436472","127.0446861","https://ko.wikipedia.org/wiki/서울숲역","2026-09-21","역 문서 좌표 대조; 측량 정확도 또는 모든 출처의 일치를 보증하지 않음"
"압구정로데오","source_reviewed","37.5276306","127.0406306","https://ko.wikipedia.org/wiki/압구정로데오역","2026-09-21","역 문서 좌표 대조; 측량 정확도 또는 모든 출처의 일치를 보증하지 않음"
"강남구청","source_reviewed","37.51722","127.04139","https://ko.wikipedia.org/wiki/강남구청역","2026-09-21","역 문서 좌표 대조; 측량 정확도 또는 모든 출처의 일치를 보증하지 않음"
"선정릉","source_reviewed","37.5103","127.04385","https://ko.wikipedia.org/wiki/선정릉역","2026-09-21","역 문서 좌표 대조; 측량 정확도 또는 모든 출처의 일치를 보증하지 않음"
"선릉","source_reviewed","37.50445","127.0489861","https://ko.wikipedia.org/wiki/선릉역","2026-09-21","역 문서 좌표 대조; 측량 정확도 또는 모든 출처의 일치를 보증하지 않음"
"한티","source_reviewed","37.496167","127.052889","https://ko.wikipedia.org/wiki/한티역","2026-09-21","역 문서 좌표 대조; 측량 정확도 또는 모든 출처의 일치를 보증하지 않음"
"도곡","source_reviewed","37.4908306","127.0553833","https://ko.wikipedia.org/wiki/도곡역","2026-09-21","역 문서 좌표 대조; 측량 정확도 또는 모든 출처의 일치를 보증하지 않음"
"구룡(서울)","source_reviewed","37.486778","127.059222","https://ko.wikipedia.org/wiki/구룡역_(서울)","2026-09-21","역 문서 좌표 대조; 측량 정확도 또는 모든 출처의 일치를 보증하지 않음"
"개포동","source_reviewed","37.488972","127.066028","https://ko.wikipedia.org/wiki/개포동역","2026-09-21","역 문서 좌표 대조; 측량 정확도 또는 모든 출처의 일치를 보증하지 않음"
"대모산입구","source_reviewed","37.491194","127.07275","https://ko.wikipedia.org/wiki/대모산입구역","2026-09-21","역 문서 좌표 대조; 측량 정확도 또는 모든 출처의 일치를 보증하지 않음"
"수서","source_reviewed","37.48694","127.10194","https://ko.wikipedia.org/wiki/수서역","2026-09-21","역 문서 좌표 대조; 측량 정확도 또는 모든 출처의 일치를 보증하지 않음"
"복정","source_reviewed","37.4703278","127.1266222","https://ko.wikipedia.org/wiki/복정역","2026-09-21","역 문서 좌표 대조; 측량 정확도 또는 모든 출처의 일치를 보증하지 않음"
"가천대","source_reviewed","37.44778","127.12694","https://ko.wikipedia.org/wiki/가천대역","2026-09-21","역 문서 좌표 대조; 측량 정확도 또는 모든 출처의 일치를 보증하지 않음"
"태평","source_reviewed","37.43944","127.12806","https://ko.wikipedia.org/wiki/태평역","2026-09-21","역 문서 좌표 대조; 측량 정확도 또는 모든 출처의 일치를 보증하지 않음"
"모란","source_reviewed","37.43139","127.12972","https://ko.wikipedia.org/wiki/모란역","2026-09-21","역 문서 좌표 대조; 측량 정확도 또는 모든 출처의 일치를 보증하지 않음"
"야탑","source_reviewed","37.411139","127.128722","https://ko.wikipedia.org/wiki/야탑역","2026-09-21","역 문서 좌표 대조; 측량 정확도 또는 모든 출처의 일치를 보증하지 않음"
"서현","source_reviewed","37.3851167","127.1232944","https://ko.wikipedia.org/wiki/서현역","2026-09-21","역 문서 좌표 대조; 측량 정확도 또는 모든 출처의 일치를 보증하지 않음"
"수내","source_reviewed","37.3785528","127.114275","https://ko.wikipedia.org/wiki/수내역","2026-09-21","역 문서 좌표 대조; 측량 정확도 또는 모든 출처의 일치를 보증하지 않음"
"정자","source_reviewed","37.3662778","127.1081222","https://ko.wikipedia.org/wiki/정자역","2026-09-21","역 문서 좌표 대조; 측량 정확도 또는 모든 출처의 일치를 보증하지 않음"
"미금","source_reviewed","37.35","127.10889","https://ko.wikipedia.org/wiki/미금역","2026-09-21","역 문서 좌표 대조; 측량 정확도 또는 모든 출처의 일치를 보증하지 않음"
"오리","source_reviewed","37.339775","127.1089417","https://ko.wikipedia.org/wiki/오리역","2026-09-21","역 문서 좌표 대조; 측량 정확도 또는 모든 출처의 일치를 보증하지 않음"
"죽전","source_reviewed","37.324583","127.107417","https://ko.wikipedia.org/wiki/죽전역_(용인)","2026-09-21","역 문서 좌표 대조; 측량 정확도 또는 모든 출처의 일치를 보증하지 않음"
"보정","source_reviewed","37.312778","127.108333","https://ko.wikipedia.org/wiki/보정역","2026-09-21","역 문서 좌표 대조; 측량 정확도 또는 모든 출처의 일치를 보증하지 않음"
"구성","source_reviewed","37.29861","127.10556","https://ko.wikipedia.org/wiki/구성역_(용인)","2026-09-21","역 문서 좌표 대조; 측량 정확도 또는 모든 출처의 일치를 보증하지 않음"
"신갈","source_reviewed","37.286156486","127.111268974","https://rail.blue/railroad/logis/stationinfo.aspx?id=425","2026-09-21","위키 좌표 오류를 인접역 거리 검사로 발견; Rail.Blue 주소 및 좌표 채택"
"기흥","source_reviewed","37.2752972","127.1159667","https://ko.wikipedia.org/wiki/기흥역","2026-09-21","역 문서 좌표 대조; 측량 정확도 또는 모든 출처의 일치를 보증하지 않음"
"상갈","source_reviewed","37.2617972","127.1087167","https://ko.wikipedia.org/wiki/상갈역","2026-09-21","역 문서 좌표 대조; 측량 정확도 또는 모든 출처의 일치를 보증하지 않음"
"청명","source_reviewed","37.2594861","127.0789444","https://ko.wikipedia.org/wiki/청명역","2026-09-21","역 문서 좌표 대조; 측량 정확도 또는 모든 출처의 일치를 보증하지 않음"
"영통","source_reviewed","37.25361","127.07556","https://ko.wikipedia.org/wiki/영통역","2026-09-21","역 문서 좌표 대조; 측량 정확도 또는 모든 출처의 일치를 보증하지 않음"
"망포","source_reviewed","37.2458","127.0573639","https://ko.wikipedia.org/wiki/망포역","2026-09-21","역 문서 좌표 대조; 측량 정확도 또는 모든 출처의 일치를 보증하지 않음"
"매탄권선","source_reviewed","37.25444","127.04417","https://ko.wikipedia.org/wiki/매탄권선역","2026-09-21","역 문서 좌표 대조; 측량 정확도 또는 모든 출처의 일치를 보증하지 않음"
"수원시청","source_reviewed","37.25889","127.03667","https://ko.wikipedia.org/wiki/수원시청역","2026-09-21","역 문서 좌표 대조; 측량 정확도 또는 모든 출처의 일치를 보증하지 않음"
"매교","source_reviewed","37.2654806","127.0156889","https://ko.wikipedia.org/wiki/매교역","2026-09-21","역 문서 좌표 대조; 측량 정확도 또는 모든 출처의 일치를 보증하지 않음"
"추암","source_reviewed","37.4781861","129.1576639","https://ko.wikipedia.org/wiki/추암역","2026-09-21","역 문서 좌표 대조; 측량 정확도 또는 모든 출처의 일치를 보증하지 않음"
"삼척해변","source_reviewed","37.4681306","129.1658639","https://ko.wikipedia.org/wiki/삼척해변역","2026-09-21","역 문서 좌표 대조; 측량 정확도 또는 모든 출처의 일치를 보증하지 않음"
"서화성","source_reviewed","37.24806","126.78694","https://ko.wikipedia.org/wiki/서화성역","2026-09-21","역 문서 좌표 대조; 측량 정확도 또는 모든 출처의 일치를 보증하지 않음"
"화성시청","source_reviewed","37.19","126.82","https://ko.wikipedia.org/wiki/화성시청역","2026-09-21","역 문서 좌표 대조; 측량 정확도 또는 모든 출처의 일치를 보증하지 않음"
"향남","source_reviewed","37.12306","126.91306","https://ko.wikipedia.org/wiki/향남역","2026-09-21","역 문서 좌표 대조; 측량 정확도 또는 모든 출처의 일치를 보증하지 않음"
"안중","source_reviewed","36.97111","126.93806","https://ko.wikipedia.org/wiki/안중역","2026-09-21","역 문서 좌표 대조; 측량 정확도 또는 모든 출처의 일치를 보증하지 않음"
"인주","source_reviewed","36.83833","126.88167","https://ko.wikipedia.org/wiki/인주역","2026-09-21","역 문서 좌표 대조; 측량 정확도 또는 모든 출처의 일치를 보증하지 않음"
"합덕","source_reviewed","36.79639","126.79889","https://ko.wikipedia.org/wiki/합덕역","2026-09-21","역 문서 좌표 대조; 측량 정확도 또는 모든 출처의 일치를 보증하지 않음"
"홍성","source_reviewed","36.59944","126.68111","https://ko.wikipedia.org/wiki/홍성역","2026-09-21","역 문서 좌표 대조; 측량 정확도 또는 모든 출처의 일치를 보증하지 않음"
"김포공항","source_reviewed","37.5625","126.80083","https://ko.wikipedia.org/wiki/김포공항역","2026-09-21","역 문서 좌표 대조; 측량 정확도 또는 모든 출처의 일치를 보증하지 않음"
"원종","source_reviewed","37.52417","126.80472","https://ko.wikipedia.org/wiki/원종역","2026-09-21","역 문서 좌표 대조; 측량 정확도 또는 모든 출처의 일치를 보증하지 않음"
"부천종합운동장","source_reviewed","37.5053806","126.79735","https://ko.wikipedia.org/wiki/부천종합운동장역","2026-09-21","역 문서 좌표 대조; 측량 정확도 또는 모든 출처의 일치를 보증하지 않음"
"소새울","source_reviewed","37.468222","126.797389","https://ko.wikipedia.org/wiki/소새울역","2026-09-21","역 문서 좌표 대조; 측량 정확도 또는 모든 출처의 일치를 보증하지 않음"
"시흥대야","source_reviewed","37.450222","126.793","https://ko.wikipedia.org/wiki/시흥대야역","2026-09-21","역 문서 좌표 대조; 측량 정확도 또는 모든 출처의 일치를 보증하지 않음"
"신천","source_reviewed","37.439194","126.78675","https://ko.wikipedia.org/wiki/신천역_(시흥)","2026-09-21","역 문서 좌표 대조; 측량 정확도 또는 모든 출처의 일치를 보증하지 않음"
"신현","source_reviewed","37.409667","126.787833","https://ko.wikipedia.org/wiki/신현역","2026-09-21","역 문서 좌표 대조; 측량 정확도 또는 모든 출처의 일치를 보증하지 않음"
"시흥시청","source_reviewed","37.3805","126.8065","https://ko.wikipedia.org/wiki/시흥시청역","2026-09-21","역 문서 좌표 대조; 측량 정확도 또는 모든 출처의 일치를 보증하지 않음"
"시흥능곡","source_reviewed","37.370139","126.808889","https://ko.wikipedia.org/wiki/시흥능곡역","2026-09-21","역 문서 좌표 대조; 측량 정확도 또는 모든 출처의 일치를 보증하지 않음"
"달미","source_reviewed","37.348667","126.809472","https://ko.wikipedia.org/wiki/달미역","2026-09-21","역 문서 좌표 대조; 측량 정확도 또는 모든 출처의 일치를 보증하지 않음"
"선부","source_reviewed","37.334361","126.809917","https://ko.wikipedia.org/wiki/선부역","2026-09-21","역 문서 좌표 대조; 측량 정확도 또는 모든 출처의 일치를 보증하지 않음"
"초지","source_reviewed","37.320583","126.806194","https://ko.wikipedia.org/wiki/초지역","2026-09-21","역 문서 좌표 대조; 측량 정확도 또는 모든 출처의 일치를 보증하지 않음"
"시우","source_reviewed","37.313083","126.795722","https://ko.wikipedia.org/wiki/시우역","2026-09-21","역 문서 좌표 대조; 측량 정확도 또는 모든 출처의 일치를 보증하지 않음"
"원시","source_reviewed","37.302639","126.786806","https://ko.wikipedia.org/wiki/원시역","2026-09-21","역 문서 좌표 대조; 측량 정확도 또는 모든 출처의 일치를 보증하지 않음"
"고색","source_reviewed","37.249694","126.980333","https://ko.wikipedia.org/wiki/고색역","2026-09-21","역 문서 좌표 대조; 측량 정확도 또는 모든 출처의 일치를 보증하지 않음"
"오목천","source_reviewed","37.2433111","126.9637389","https://ko.wikipedia.org/wiki/오목천역","2026-09-21","역 문서 좌표 대조; 측량 정확도 또는 모든 출처의 일치를 보증하지 않음"
"어천","source_reviewed","37.2497806","126.9091972","https://ko.wikipedia.org/wiki/어천역","2026-09-21","역 문서 좌표 대조; 측량 정확도 또는 모든 출처의 일치를 보증하지 않음"
"야목","source_reviewed","37.2611111","126.8843611","https://ko.wikipedia.org/wiki/야목역","2026-09-21","역 문서 좌표 대조; 측량 정확도 또는 모든 출처의 일치를 보증하지 않음"
"사리","source_reviewed","37.2908694","126.8571889","https://ko.wikipedia.org/wiki/사리역","2026-09-21","역 문서 좌표 대조; 측량 정확도 또는 모든 출처의 일치를 보증하지 않음"
"한대앞","source_reviewed","37.3097722","126.8535806","https://ko.wikipedia.org/wiki/한대앞역","2026-09-21","역 문서 좌표 대조; 측량 정확도 또는 모든 출처의 일치를 보증하지 않음"
"중앙","source_reviewed","37.3159583","126.8386417","https://ko.wikipedia.org/wiki/중앙역_(안산)","2026-09-21","역 문서 좌표 대조; 측량 정확도 또는 모든 출처의 일치를 보증하지 않음"
"고잔","source_reviewed","37.3168167","126.8231278","https://ko.wikipedia.org/wiki/고잔역","2026-09-21","역 문서 좌표 대조; 측량 정확도 또는 모든 출처의 일치를 보증하지 않음"
"안산","source_reviewed","37.32722","126.78833","https://ko.wikipedia.org/wiki/안산역","2026-09-21","역 문서 좌표 대조; 측량 정확도 또는 모든 출처의 일치를 보증하지 않음"
"신길온천","source_reviewed","37.337472","126.76725","https://ko.wikipedia.org/wiki/신길온천역","2026-09-21","역 문서 좌표 대조; 측량 정확도 또는 모든 출처의 일치를 보증하지 않음"
"정왕","source_reviewed","37.35167","126.74278","https://ko.wikipedia.org/wiki/정왕역","2026-09-21","역 문서 좌표 대조; 측량 정확도 또는 모든 출처의 일치를 보증하지 않음"
"오이도","source_reviewed","37.36194","126.73833","https://ko.wikipedia.org/wiki/오이도역","2026-09-21","역 문서 좌표 대조; 측량 정확도 또는 모든 출처의 일치를 보증하지 않음"
"달월","source_reviewed","37.37975","126.74525","https://ko.wikipedia.org/wiki/달월역","2026-09-21","역 문서 좌표 대조; 측량 정확도 또는 모든 출처의 일치를 보증하지 않음"
"월곶","source_reviewed","37.39111","126.7475","https://ko.wikipedia.org/wiki/월곶역","2026-09-21","역 문서 좌표 대조; 측량 정확도 또는 모든 출처의 일치를 보증하지 않음"
"소래포구","source_reviewed","37.4009667","126.7335389","https://ko.wikipedia.org/wiki/소래포구역","2026-09-21","역 문서 좌표 대조; 측량 정확도 또는 모든 출처의 일치를 보증하지 않음"
"인천논현","source_reviewed","37.4006417","126.7224944","https://ko.wikipedia.org/wiki/인천논현역","2026-09-21","역 문서 좌표 대조; 측량 정확도 또는 모든 출처의 일치를 보증하지 않음"
"호구포","source_reviewed","37.4016222","126.7086833","https://ko.wikipedia.org/wiki/호구포역","2026-09-21","역 문서 좌표 대조; 측량 정확도 또는 모든 출처의 일치를 보증하지 않음"
"남동인더스파크","source_reviewed","37.407767","126.695237","https://ko.wikipedia.org/wiki/남동인더스파크역","2026-09-21","역 문서 좌표 대조; 측량 정확도 또는 모든 출처의 일치를 보증하지 않음"
"원인재","source_reviewed","37.4124056","126.6879056","https://ko.wikipedia.org/wiki/원인재역","2026-09-21","역 문서 좌표 대조; 측량 정확도 또는 모든 출처의 일치를 보증하지 않음"
"연수","source_reviewed","37.41528","126.67833","https://ko.wikipedia.org/wiki/연수역","2026-09-21","역 문서 좌표 대조; 측량 정확도 또는 모든 출처의 일치를 보증하지 않음"
"송도","source_reviewed","37.4297139","126.6544861","https://ko.wikipedia.org/wiki/송도역","2026-09-21","역 문서 좌표 대조; 측량 정확도 또는 모든 출처의 일치를 보증하지 않음"
"학익","source_reviewed","37.43806","126.64806","https://ko.wikipedia.org/wiki/학익역","2026-09-21","역 문서 좌표 대조; 측량 정확도 또는 모든 출처의 일치를 보증하지 않음"
"인하대","source_reviewed","37.44847194","126.64963889","https://ko.wikipedia.org/wiki/인하대역","2026-09-21","역 문서 좌표 대조; 측량 정확도 또는 모든 출처의 일치를 보증하지 않음"
"숭의","source_reviewed","37.46080611","126.63830611","https://ko.wikipedia.org/wiki/숭의역","2026-09-21","역 문서 좌표 대조; 측량 정확도 또는 모든 출처의 일치를 보증하지 않음"
"신포","source_reviewed","37.46889","126.62389","https://ko.wikipedia.org/wiki/신포역_(인천)","2026-09-21","역 문서 좌표 대조; 측량 정확도 또는 모든 출처의 일치를 보증하지 않음"
"신광양항","source_reviewed","34.89778","127.64722","https://ko.wikipedia.org/wiki/신광양항역","2026-09-21","역 문서 좌표 대조; 측량 정확도 또는 모든 출처의 일치를 보증하지 않음"
"신동화물","source_reviewed","35.955815","128.450987","https://ko.wikipedia.org/wiki/신동화물역","2026-09-21","역 문서 좌표 대조; 측량 정확도 또는 모든 출처의 일치를 보증하지 않음"
"남철송장","source_reviewed","35.061889","128.806806","https://ko.wikipedia.org/wiki/남철송장역","2026-09-21","역 문서 좌표 대조; 측량 정확도 또는 모든 출처의 일치를 보증하지 않음"
"북철송장","source_reviewed","35.082694","128.825806","https://ko.wikipedia.org/wiki/북철송장역","2026-09-21","역 문서 좌표 대조; 측량 정확도 또는 모든 출처의 일치를 보증하지 않음"
"산본","source_reviewed","37.35806","126.93306","https://ko.wikipedia.org/wiki/산본역","2026-09-21","역 문서 좌표 대조; 측량 정확도 또는 모든 출처의 일치를 보증하지 않음"
"수리산","source_reviewed","37.35028","126.92556","https://ko.wikipedia.org/wiki/수리산역","2026-09-21","역 문서 좌표 대조; 측량 정확도 또는 모든 출처의 일치를 보증하지 않음"
"대야미","source_reviewed","37.32833","126.91722","https://ko.wikipedia.org/wiki/대야미역","2026-09-21","역 문서 좌표 대조; 측량 정확도 또는 모든 출처의 일치를 보증하지 않음"
"반월","source_reviewed","37.31222","126.90361","https://ko.wikipedia.org/wiki/반월역","2026-09-21","역 문서 좌표 대조; 측량 정확도 또는 모든 출처의 일치를 보증하지 않음"
"상록수","source_reviewed","37.30278","126.86639","https://ko.wikipedia.org/wiki/상록수역","2026-09-21","역 문서 좌표 대조; 측량 정확도 또는 모든 출처의 일치를 보증하지 않음"
"양산화물","source_reviewed","35.3071472","128.9853694","https://ko.wikipedia.org/wiki/양산화물역","2026-09-21","역 문서 좌표 대조; 측량 정확도 또는 모든 출처의 일치를 보증하지 않음"
"덕양","source_reviewed","34.81222","127.6275","https://ko.wikipedia.org/wiki/덕양역","2026-09-21","역 문서 좌표 대조; 측량 정확도 또는 모든 출처의 일치를 보증하지 않음"
"흥국사","source_reviewed","34.81667","127.67611","https://ko.wikipedia.org/wiki/흥국사역","2026-09-21","역 문서 좌표 대조; 측량 정확도 또는 모든 출처의 일치를 보증하지 않음"
"적량","source_reviewed","34.85556","127.70611","https://ko.wikipedia.org/wiki/적량역","2026-09-21","역 문서 좌표 대조; 측량 정확도 또는 모든 출처의 일치를 보증하지 않음"
"북영주","source_reviewed","36.8215778","128.6267056","https://ko.wikipedia.org/wiki/북영주역","2026-09-21","역 문서 좌표 대조; 측량 정확도 또는 모든 출처의 일치를 보증하지 않음"
"문단","source_reviewed","36.8633139","128.6827333","https://ko.wikipedia.org/wiki/문단역","2026-09-21","역 문서 좌표 대조; 측량 정확도 또는 모든 출처의 일치를 보증하지 않음"
"봉화","source_reviewed","36.8914667","128.727111","https://ko.wikipedia.org/wiki/봉화역_(봉화)","2026-09-21","역 문서 좌표 대조; 측량 정확도 또는 모든 출처의 일치를 보증하지 않음"
"거촌","source_reviewed","36.89028","128.77278","https://ko.wikipedia.org/wiki/거촌역","2026-09-21","역 문서 좌표 대조; 측량 정확도 또는 모든 출처의 일치를 보증하지 않음"
"봉성","source_reviewed","36.89444","128.83056","https://ko.wikipedia.org/wiki/봉성역","2026-09-21","역 문서 좌표 대조; 측량 정확도 또는 모든 출처의 일치를 보증하지 않음"
"법전","source_reviewed","36.9166528","128.8835167","https://ko.wikipedia.org/wiki/법전역","2026-09-21","역 문서 좌표 대조; 측량 정확도 또는 모든 출처의 일치를 보증하지 않음"
"춘양","source_reviewed","36.9369167","128.9202111","https://ko.wikipedia.org/wiki/춘양역","2026-09-21","역 문서 좌표 대조; 측량 정확도 또는 모든 출처의 일치를 보증하지 않음"
"녹동","source_reviewed","36.91639","128.95528","https://ko.wikipedia.org/wiki/녹동역_(봉화)","2026-09-21","역 문서 좌표 대조; 측량 정확도 또는 모든 출처의 일치를 보증하지 않음"
"임기","source_reviewed","36.9038556","128.9994028","https://ko.wikipedia.org/wiki/임기역","2026-09-21","역 문서 좌표 대조; 측량 정확도 또는 모든 출처의 일치를 보증하지 않음"
"현동","source_reviewed","36.93667","129.01194","https://ko.wikipedia.org/wiki/현동역","2026-09-21","역 문서 좌표 대조; 측량 정확도 또는 모든 출처의 일치를 보증하지 않음"
"분천","source_reviewed","36.9326944","129.0583417","https://ko.wikipedia.org/wiki/분천역","2026-09-21","역 문서 좌표 대조; 측량 정확도 또는 모든 출처의 일치를 보증하지 않음"
"비동","source_reviewed","36.957705","129.073978","https://ko.wikipedia.org/wiki/비동역","2026-09-21","역 문서 좌표 대조; 측량 정확도 또는 모든 출처의 일치를 보증하지 않음"
"양원","source_reviewed","37.60667","127.10778","https://ko.wikipedia.org/wiki/양원역_(서울)","2026-09-21","중앙선 서울 양원; 영동선 동명이역과 분리"
"승부","source_reviewed","36.9926833","129.0844028","https://ko.wikipedia.org/wiki/승부역","2026-09-21","역 문서 좌표 대조; 측량 정확도 또는 모든 출처의 일치를 보증하지 않음"
"석포","source_reviewed","37.0459639","129.0602944","https://ko.wikipedia.org/wiki/석포역","2026-09-21","역 문서 좌표 대조; 측량 정확도 또는 모든 출처의 일치를 보증하지 않음"
"동점","source_reviewed","37.0842278","129.0465139","https://ko.wikipedia.org/wiki/동점역","2026-09-21","역 문서 좌표 대조; 측량 정확도 또는 모든 출처의 일치를 보증하지 않음"
"철암","source_reviewed","37.1128861","129.0369556","https://ko.wikipedia.org/wiki/철암역","2026-09-21","역 문서 좌표 대조; 측량 정확도 또는 모든 출처의 일치를 보증하지 않음"
"백산","source_reviewed","37.1383417","129.0340333","https://ko.wikipedia.org/wiki/백산역","2026-09-21","역 문서 좌표 대조; 측량 정확도 또는 모든 출처의 일치를 보증하지 않음"
"동백산","source_reviewed","37.1508972","129.0345861","https://ko.wikipedia.org/wiki/동백산역","2026-09-21","역 문서 좌표 대조; 측량 정확도 또는 모든 출처의 일치를 보증하지 않음"
"솔안","source_reviewed","37.15833","129.03028","https://ko.wikipedia.org/wiki/솔안역","2026-09-21","역 문서 좌표 대조; 측량 정확도 또는 모든 출처의 일치를 보증하지 않음"
"도계","source_reviewed","37.2290722","129.0444694","https://ko.wikipedia.org/wiki/도계역","2026-09-21","역 문서 좌표 대조; 측량 정확도 또는 모든 출처의 일치를 보증하지 않음"
"고사리","source_reviewed","37.26694","129.06111","https://ko.wikipedia.org/wiki/고사리역","2026-09-21","역 문서 좌표 대조; 측량 정확도 또는 모든 출처의 일치를 보증하지 않음"
"하고사리","source_reviewed","37.28028","129.0625","https://ko.wikipedia.org/wiki/하고사리역","2026-09-21","역 문서 좌표 대조; 측량 정확도 또는 모든 출처의 일치를 보증하지 않음"
"마차리","source_reviewed","37.30556","129.07194","https://ko.wikipedia.org/wiki/마차리역","2026-09-21","역 문서 좌표 대조; 측량 정확도 또는 모든 출처의 일치를 보증하지 않음"
"신기","source_reviewed","37.3460306","129.0853361","https://ko.wikipedia.org/wiki/신기역_(삼척)","2026-09-21","역 문서 좌표 대조; 측량 정확도 또는 모든 출처의 일치를 보증하지 않음"
"상정","source_reviewed","37.3827611","129.1012167","https://ko.wikipedia.org/wiki/상정역","2026-09-21","역 문서 좌표 대조; 측량 정확도 또는 모든 출처의 일치를 보증하지 않음"
"미로","source_reviewed","37.4169556","129.1136167","https://ko.wikipedia.org/wiki/미로역","2026-09-21","역 문서 좌표 대조; 측량 정확도 또는 모든 출처의 일치를 보증하지 않음"
"도경리","source_reviewed","37.4425","129.11528","https://ko.wikipedia.org/wiki/도경리역","2026-09-21","역 문서 좌표 대조; 측량 정확도 또는 모든 출처의 일치를 보증하지 않음"
"망상","source_reviewed","37.5875","129.09722","https://ko.wikipedia.org/wiki/망상역","2026-09-21","역 문서 좌표 대조; 측량 정확도 또는 모든 출처의 일치를 보증하지 않음"
"망상해수욕장","source_reviewed","37.59306","129.0875","https://ko.wikipedia.org/wiki/망상해수욕장역","2026-09-21","역 문서 좌표 대조; 측량 정확도 또는 모든 출처의 일치를 보증하지 않음"
"옥계","source_reviewed","37.61675","129.0505389","https://ko.wikipedia.org/wiki/옥계역","2026-09-21","역 문서 좌표 대조; 측량 정확도 또는 모든 출처의 일치를 보증하지 않음"
"안인","source_reviewed","37.7378052","128.9793446","https://www.openstreetmap.org/search?query=안인","2026-09-21","위키 문서에 좌표 없음. OSM에 화물야드로 태깅된 지점을 인접역 거리로 교차검증: 정동진까지 직선거리 약 7.0km(영업거리 7.1km 이하로 부합), 청량신호소까지 약 5.2km(영업거리 5.3km 이하로 부합). 실제 역 종별(FREIGHT)과도 일치"
"청량신호소","source_reviewed","37.7425","128.92083","https://ko.wikipedia.org/wiki/청량역","2026-09-21","역 문서 좌표 대조; 측량 정확도 또는 모든 출처의 일치를 보증하지 않음"
"영일만항","source_reviewed","36.10083","129.43306","https://ko.wikipedia.org/wiki/영일만항역","2026-09-21","역 문서 좌표 대조; 측량 정확도 또는 모든 출처의 일치를 보증하지 않음"
"옥구","source_reviewed","35.91833","126.66778","https://ko.wikipedia.org/wiki/옥구역","2026-09-21","역 문서 좌표 대조; 측량 정확도 또는 모든 출처의 일치를 보증하지 않음"
"온산","source_reviewed","35.4213278","129.351028","https://ko.wikipedia.org/wiki/온산역","2026-09-21","역 문서 좌표 대조; 측량 정확도 또는 모든 출처의 일치를 보증하지 않음"
"우암","source_reviewed","35.12472","129.07306","https://ko.wikipedia.org/wiki/우암역","2026-09-21","역 문서 좌표 대조; 측량 정확도 또는 모든 출처의 일치를 보증하지 않음"
"신선대","source_reviewed","35.10833","129.08333","https://ko.wikipedia.org/wiki/신선대역","2026-09-21","역 문서 좌표 대조; 측량 정확도 또는 모든 출처의 일치를 보증하지 않음"
"용암","source_reviewed","35.47611","129.32278","https://ko.wikipedia.org/wiki/용암역","2026-09-21","역 문서 좌표 대조; 측량 정확도 또는 모든 출처의 일치를 보증하지 않음"
"울산신항","source_reviewed","35.46667","129.3725","https://ko.wikipedia.org/wiki/울산신항역","2026-09-21","역 문서 좌표 대조; 측량 정확도 또는 모든 출처의 일치를 보증하지 않음"
"야음","pending","","","https://ko.wikipedia.org/wiki/야음역","2026-09-21","조회한 출처에서 확정 좌표 미확보"
"울산항","source_reviewed","35.51083","129.37472","https://ko.wikipedia.org/wiki/울산항역","2026-09-21","역 문서 좌표 대조; 측량 정확도 또는 모든 출처의 일치를 보증하지 않음"
"목천신호소","source_reviewed","35.93375","126.924306","https://ko.wikipedia.org/wiki/목천신호소","2026-09-21","역 문서 좌표 대조; 측량 정확도 또는 모든 출처의 일치를 보증하지 않음"
"동익산","source_reviewed","35.92111","126.95694","https://ko.wikipedia.org/wiki/동익산역","2026-09-21","역 문서 좌표 대조; 측량 정확도 또는 모든 출처의 일치를 보증하지 않음"
"지축","source_reviewed","37.648123","126.91393","https://ko.wikipedia.org/wiki/지축역","2026-09-21","역 문서 좌표 대조; 측량 정확도 또는 모든 출처의 일치를 보증하지 않음"
"삼송","source_reviewed","37.65304","126.89546","https://ko.wikipedia.org/wiki/삼송역","2026-09-21","역 문서 좌표 대조; 측량 정확도 또는 모든 출처의 일치를 보증하지 않음"
"원흥","source_reviewed","37.650444","126.873777","https://ko.wikipedia.org/wiki/원흥역","2026-09-21","역 문서 좌표 대조; 측량 정확도 또는 모든 출처의 일치를 보증하지 않음"
"원당","source_reviewed","37.653458","126.843088","https://ko.wikipedia.org/wiki/원당역","2026-09-21","역 문서 좌표 대조; 측량 정확도 또는 모든 출처의 일치를 보증하지 않음"
"화정","source_reviewed","37.63459","126.83267","https://ko.wikipedia.org/wiki/화정역_(고양)","2026-09-21","역 문서 좌표 대조; 측량 정확도 또는 모든 출처의 일치를 보증하지 않음"
"백석","source_reviewed","37.64301","126.78787","https://ko.wikipedia.org/wiki/백석역","2026-09-21","역 문서 좌표 대조; 측량 정확도 또는 모든 출처의 일치를 보증하지 않음"
"마두","source_reviewed","37.65208","126.7774","https://ko.wikipedia.org/wiki/마두역","2026-09-21","역 문서 좌표 대조; 측량 정확도 또는 모든 출처의 일치를 보증하지 않음"
"정발산","source_reviewed","37.659675","126.7732917","https://ko.wikipedia.org/wiki/정발산역","2026-09-21","역 문서 좌표 대조; 측량 정확도 또는 모든 출처의 일치를 보증하지 않음"
"주엽","source_reviewed","37.67028","126.76111","https://ko.wikipedia.org/wiki/주엽역","2026-09-21","역 문서 좌표 대조; 측량 정확도 또는 모든 출처의 일치를 보증하지 않음"
"대화","source_reviewed","37.67611","126.7475","https://ko.wikipedia.org/wiki/대화역","2026-09-21","역 문서 좌표 대조; 측량 정확도 또는 모든 출처의 일치를 보증하지 않음"
"안평","source_reviewed","35.33333","126.78","https://ko.wikipedia.org/wiki/안평역_(장성)","2026-09-21","역 문서 좌표 대조; 측량 정확도 또는 모든 출처의 일치를 보증하지 않음"
"장성화물","source_reviewed","35.31583","126.75917","https://ko.wikipedia.org/wiki/장성화물역","2026-09-21","역 문서 좌표 대조; 측량 정확도 또는 모든 출처의 일치를 보증하지 않음"
"봉명","source_reviewed","36.80111","127.13556","https://ko.wikipedia.org/wiki/봉명역","2026-09-21","역 문서 좌표 대조; 측량 정확도 또는 모든 출처의 일치를 보증하지 않음"
"쌍용","source_reviewed","36.7937917","127.1211972","https://ko.wikipedia.org/wiki/쌍용역","2026-09-21","역 문서 좌표 대조; 측량 정확도 또는 모든 출처의 일치를 보증하지 않음"
"아산","source_reviewed","36.79222","127.10444","https://ko.wikipedia.org/wiki/아산역","2026-09-21","역 문서 좌표 대조; 측량 정확도 또는 모든 출처의 일치를 보증하지 않음"
"탕정","source_reviewed","36.78825","127.084417","https://ko.wikipedia.org/wiki/탕정역","2026-09-21","역 문서 좌표 대조; 측량 정확도 또는 모든 출처의 일치를 보증하지 않음"
"배방","source_reviewed","36.77778","127.05306","https://ko.wikipedia.org/wiki/배방역","2026-09-21","역 문서 좌표 대조; 측량 정확도 또는 모든 출처의 일치를 보증하지 않음"
"온양온천","source_reviewed","36.78056","127.00333","https://ko.wikipedia.org/wiki/온양온천역","2026-09-21","역 문서 좌표 대조; 측량 정확도 또는 모든 출처의 일치를 보증하지 않음"
"신창","source_reviewed","36.7696278","126.9508111","https://ko.wikipedia.org/wiki/신창역","2026-09-21","역 문서 좌표 대조; 측량 정확도 또는 모든 출처의 일치를 보증하지 않음"
"도고온천","source_reviewed","36.7495278","126.8895722","https://ko.wikipedia.org/wiki/도고온천역","2026-09-21","역 문서 좌표 대조; 측량 정확도 또는 모든 출처의 일치를 보증하지 않음"
"신례원","source_reviewed","36.727139","126.849722","https://ko.wikipedia.org/wiki/신례원역","2026-09-21","역 문서 좌표 대조; 측량 정확도 또는 모든 출처의 일치를 보증하지 않음"
"예산","source_reviewed","36.6871694","126.8290167","https://ko.wikipedia.org/wiki/예산역","2026-09-21","역 문서 좌표 대조; 측량 정확도 또는 모든 출처의 일치를 보증하지 않음"
"삽교","source_reviewed","36.68028","126.75167","https://ko.wikipedia.org/wiki/삽교역","2026-09-21","역 문서 좌표 대조; 측량 정확도 또는 모든 출처의 일치를 보증하지 않음"
"화양","source_reviewed","36.63111","126.71528","https://ko.wikipedia.org/wiki/화양역","2026-09-21","역 문서 좌표 대조; 측량 정확도 또는 모든 출처의 일치를 보증하지 않음"
"신성","source_reviewed","36.56806","126.66194","https://ko.wikipedia.org/wiki/신성역","2026-09-21","역 문서 좌표 대조; 측량 정확도 또는 모든 출처의 일치를 보증하지 않음"
"광천","source_reviewed","36.5015528","126.6223306","https://ko.wikipedia.org/wiki/광천역","2026-09-21","역 문서 좌표 대조; 측량 정확도 또는 모든 출처의 일치를 보증하지 않음"
"원죽","source_reviewed","36.46694","126.6175","https://ko.wikipedia.org/wiki/원죽역","2026-09-21","역 문서 좌표 대조; 측량 정확도 또는 모든 출처의 일치를 보증하지 않음"
"청소","source_reviewed","36.44583","126.59056","https://ko.wikipedia.org/wiki/청소역","2026-09-21","역 문서 좌표 대조; 측량 정확도 또는 모든 출처의 일치를 보증하지 않음"
"주포","source_reviewed","36.41083","126.57194","https://ko.wikipedia.org/wiki/주포역","2026-09-21","역 문서 좌표 대조; 측량 정확도 또는 모든 출처의 일치를 보증하지 않음"
"대천","source_reviewed","36.3408889","126.586925","https://ko.wikipedia.org/wiki/대천역","2026-09-21","역 문서 좌표 대조; 측량 정확도 또는 모든 출처의 일치를 보증하지 않음"
"남포","source_reviewed","36.31556","126.59444","https://ko.wikipedia.org/wiki/남포역_(보령)","2026-09-21","역 문서 좌표 대조; 측량 정확도 또는 모든 출처의 일치를 보증하지 않음"
"웅천","source_reviewed","36.23611","126.60667","https://ko.wikipedia.org/wiki/웅천역","2026-09-21","역 문서 좌표 대조; 측량 정확도 또는 모든 출처의 일치를 보증하지 않음"
"판교(서천)","source_reviewed","36.1556806","126.6793389","https://ko.wikipedia.org/wiki/판교역_(서천)","2026-09-21","역 문서 좌표 대조; 측량 정확도 또는 모든 출처의 일치를 보증하지 않음"
"서천","source_reviewed","36.08222","126.70861","https://ko.wikipedia.org/wiki/서천역","2026-09-21","역 문서 좌표 대조; 측량 정확도 또는 모든 출처의 일치를 보증하지 않음"
"장항","source_reviewed","36.04","126.71556","https://ko.wikipedia.org/wiki/장항역","2026-09-21","역 문서 좌표 대조; 측량 정확도 또는 모든 출처의 일치를 보증하지 않음"
"군산","source_reviewed","35.9977","126.7608694","https://ko.wikipedia.org/wiki/군산역","2026-09-21","역 문서 좌표 대조; 측량 정확도 또는 모든 출처의 일치를 보증하지 않음"
"익산","source_reviewed","35.9416361","126.9457972","https://ko.wikipedia.org/wiki/익산역","2026-09-21","역 문서 좌표 대조; 측량 정확도 또는 모든 출처의 일치를 보증하지 않음"
"삼례","source_reviewed","35.9066639","127.0642556","https://ko.wikipedia.org/wiki/삼례역","2026-09-21","역 문서 좌표 대조; 측량 정확도 또는 모든 출처의 일치를 보증하지 않음"
"전주","source_reviewed","35.8525","127.16306","https://ko.wikipedia.org/wiki/전주역","2026-09-21","역 문서 좌표 대조; 측량 정확도 또는 모든 출처의 일치를 보증하지 않음"
"신리","source_reviewed","35.77306","127.20639","https://ko.wikipedia.org/wiki/신리역","2026-09-21","역 문서 좌표 대조; 측량 정확도 또는 모든 출처의 일치를 보증하지 않음"
"죽림온천","source_reviewed","35.73389","127.23222","https://ko.wikipedia.org/wiki/죽림온천역","2026-09-21","역 문서 좌표 대조; 측량 정확도 또는 모든 출처의 일치를 보증하지 않음"
"관촌","source_reviewed","35.66194","127.276611","https://ko.wikipedia.org/wiki/관촌역","2026-09-21","역 문서 좌표 대조; 측량 정확도 또는 모든 출처의 일치를 보증하지 않음"
"임실","source_reviewed","35.6331278","127.2900444","https://ko.wikipedia.org/wiki/임실역","2026-09-21","역 문서 좌표 대조; 측량 정확도 또는 모든 출처의 일치를 보증하지 않음"
"봉천","source_reviewed","35.581472","127.313972","https://ko.wikipedia.org/wiki/봉천역_(임실)","2026-09-21","역 문서 좌표 대조; 측량 정확도 또는 모든 출처의 일치를 보증하지 않음"
"오수","source_reviewed","35.5429472","127.3205917","https://ko.wikipedia.org/wiki/오수역","2026-09-21","역 문서 좌표 대조; 측량 정확도 또는 모든 출처의 일치를 보증하지 않음"
"서도","source_reviewed","35.49194","127.33083","https://ko.wikipedia.org/wiki/서도역","2026-09-21","역 문서 좌표 대조; 측량 정확도 또는 모든 출처의 일치를 보증하지 않음"
"산성","source_reviewed","35.44056","127.3625","https://ko.wikipedia.org/wiki/산성역_(남원)","2026-09-21","역 문서 좌표 대조; 측량 정확도 또는 모든 출처의 일치를 보증하지 않음"
"남원","source_reviewed","35.4112028","127.3618194","https://ko.wikipedia.org/wiki/남원역","2026-09-21","역 문서 좌표 대조; 측량 정확도 또는 모든 출처의 일치를 보증하지 않음"
"주생","source_reviewed","35.37639","127.31722","https://ko.wikipedia.org/wiki/주생역","2026-09-21","역 문서 좌표 대조; 측량 정확도 또는 모든 출처의 일치를 보증하지 않음"
"옹정","source_reviewed","35.35417","127.29556","https://ko.wikipedia.org/wiki/옹정역","2026-09-21","역 문서 좌표 대조; 측량 정확도 또는 모든 출처의 일치를 보증하지 않음"
"금지","source_reviewed","35.32917","127.29","https://ko.wikipedia.org/wiki/금지역","2026-09-21","역 문서 좌표 대조; 측량 정확도 또는 모든 출처의 일치를 보증하지 않음"
"곡성","source_reviewed","35.2837139","127.303775","https://ko.wikipedia.org/wiki/곡성역","2026-09-21","역 문서 좌표 대조; 측량 정확도 또는 모든 출처의 일치를 보증하지 않음"
"압록","source_reviewed","35.19861","127.37333","https://ko.wikipedia.org/wiki/압록역","2026-09-21","역 문서 좌표 대조; 측량 정확도 또는 모든 출처의 일치를 보증하지 않음"
"구례구","source_reviewed","35.1634694","127.4527278","https://ko.wikipedia.org/wiki/구례구역","2026-09-21","역 문서 좌표 대조; 측량 정확도 또는 모든 출처의 일치를 보증하지 않음"
"봉덕","source_reviewed","35.13444","127.45694","https://ko.wikipedia.org/wiki/봉덕역","2026-09-21","역 문서 좌표 대조; 측량 정확도 또는 모든 출처의 일치를 보증하지 않음"
"괴목","source_reviewed","35.09528","127.42667","https://ko.wikipedia.org/wiki/괴목역","2026-09-21","역 문서 좌표 대조; 측량 정확도 또는 모든 출처의 일치를 보증하지 않음"
"개운","source_reviewed","35.02722","127.45333","https://ko.wikipedia.org/wiki/개운역","2026-09-21","역 문서 좌표 대조; 측량 정확도 또는 모든 출처의 일치를 보증하지 않음"
"동운","source_reviewed","35.00806","127.47889","https://ko.wikipedia.org/wiki/동운역","2026-09-21","역 문서 좌표 대조; 측량 정확도 또는 모든 출처의 일치를 보증하지 않음"
"성산","source_reviewed","34.92472","127.54556","https://ko.wikipedia.org/wiki/성산역_(순천)","2026-09-21","역 문서 좌표 대조; 측량 정확도 또는 모든 출처의 일치를 보증하지 않음"
"율촌","source_reviewed","34.87556","127.57667","https://ko.wikipedia.org/wiki/율촌역","2026-09-21","역 문서 좌표 대조; 측량 정확도 또는 모든 출처의 일치를 보증하지 않음"
"여천","source_reviewed","34.77944","127.66722","https://ko.wikipedia.org/wiki/여천역","2026-09-21","역 문서 좌표 대조; 측량 정확도 또는 모든 출처의 일치를 보증하지 않음"
"여수엑스포","source_reviewed","34.75778","127.74722","https://ko.wikipedia.org/wiki/여수엑스포역","2026-09-21","역 문서 좌표 대조; 측량 정확도 또는 모든 출처의 일치를 보증하지 않음"
"민둥산","source_reviewed","37.245628","128.772847","https://ko.wikipedia.org/wiki/민둥산역","2026-09-21","역 문서 좌표 대조; 측량 정확도 또는 모든 출처의 일치를 보증하지 않음"
"별어곡","source_reviewed","37.26917","128.73972","https://ko.wikipedia.org/wiki/별어곡역","2026-09-21","역 문서 좌표 대조; 측량 정확도 또는 모든 출처의 일치를 보증하지 않음"
"선평","source_reviewed","37.32167","128.7125","https://ko.wikipedia.org/wiki/선평역","2026-09-21","역 문서 좌표 대조; 측량 정확도 또는 모든 출처의 일치를 보증하지 않음"
"신치","source_reviewed","37.364239","128.683703","https://ko.wikipedia.org/wiki/신치역","2026-09-21","위키데이터 Q1592790 좌표(문서 내 3회 동일 출현). 선평(13.7)~정선(22.6) 사이 폐역이며 정선역(37.3880361,128.6720139)까지 약 2.8km로 그 구간과 부합"
"정선","source_reviewed","37.3880361","128.6720139","https://ko.wikipedia.org/wiki/정선역","2026-09-21","역 문서 좌표 대조; 측량 정확도 또는 모든 출처의 일치를 보증하지 않음"
"송석","source_reviewed","37.4225","128.65111","https://ko.wikipedia.org/wiki/송석역","2026-09-21","역 문서 좌표 대조; 측량 정확도 또는 모든 출처의 일치를 보증하지 않음"
"나전","source_reviewed","37.44972","128.66861","https://ko.wikipedia.org/wiki/나전역","2026-09-21","역 문서 좌표 대조; 측량 정확도 또는 모든 출처의 일치를 보증하지 않음"
"아우라지","source_reviewed","37.47278","128.72194","https://ko.wikipedia.org/wiki/아우라지역","2026-09-21","역 문서 좌표 대조; 측량 정확도 또는 모든 출처의 일치를 보증하지 않음"
"구절리","source_reviewed","37.51667","128.72667","https://ko.wikipedia.org/wiki/구절리역","2026-09-21","역 문서 좌표 대조; 측량 정확도 또는 모든 출처의 일치를 보증하지 않음"
"아미신호장","source_reviewed","37.25028","127.51194","https://ko.wikipedia.org/wiki/아미역","2026-09-21","역 문서 좌표 대조; 측량 정확도 또는 모든 출처의 일치를 보증하지 않음"
"가남","source_reviewed","37.1976","127.5353","https://ko.wikipedia.org/wiki/가남역","2026-09-21","역 문서 좌표 대조; 측량 정확도 또는 모든 출처의 일치를 보증하지 않음"
"감곡장호원","source_reviewed","37.1273","127.6349","https://ko.wikipedia.org/wiki/감곡장호원역","2026-09-21","역 문서 좌표 대조; 측량 정확도 또는 모든 출처의 일치를 보증하지 않음"
"앙성온천","source_reviewed","37.0921","127.7883","https://ko.wikipedia.org/wiki/앙성온천역","2026-09-21","역 문서 좌표 대조; 측량 정확도 또는 모든 출처의 일치를 보증하지 않음"
"금가","source_reviewed","37.04722","127.90389","https://ko.wikipedia.org/wiki/금가역","2026-09-21","역 문서 좌표 대조; 측량 정확도 또는 모든 출처의 일치를 보증하지 않음"
"충주","source_reviewed","36.97611","127.90861","https://ko.wikipedia.org/wiki/충주역","2026-09-21","역 문서 좌표 대조; 측량 정확도 또는 모든 출처의 일치를 보증하지 않음"
"살미","source_reviewed","36.90222","127.96028","https://ko.wikipedia.org/wiki/살미역","2026-09-21","역 문서 좌표 대조; 측량 정확도 또는 모든 출처의 일치를 보증하지 않음"
"수안보온천","source_reviewed","36.84139","128.00472","https://ko.wikipedia.org/wiki/수안보온천역","2026-09-21","역 문서 좌표 대조; 측량 정확도 또는 모든 출처의 일치를 보증하지 않음"
"연풍","source_reviewed","36.78639","128.01806","https://ko.wikipedia.org/wiki/연풍역_(괴산)","2026-09-21","역 문서 좌표 대조; 측량 정확도 또는 모든 출처의 일치를 보증하지 않음"
"문경","source_reviewed","36.71972","128.11083","https://ko.wikipedia.org/wiki/문경역","2026-09-21","역 문서 좌표 대조; 측량 정확도 또는 모든 출처의 일치를 보증하지 않음"
"중랑","source_reviewed","37.594917","127.075833","https://ko.wikipedia.org/wiki/중랑역","2026-09-21","역 문서 좌표 대조; 측량 정확도 또는 모든 출처의 일치를 보증하지 않음"
"구리","source_reviewed","37.60326","127.14337306","https://ko.wikipedia.org/wiki/구리역","2026-09-21","역 문서 좌표 대조; 측량 정확도 또는 모든 출처의 일치를 보증하지 않음"
"도농","source_reviewed","37.6082611","127.1612778","https://ko.wikipedia.org/wiki/도농역","2026-09-21","역 문서 좌표 대조; 측량 정확도 또는 모든 출처의 일치를 보증하지 않음"
"양정","source_reviewed","37.60028","127.19","https://ko.wikipedia.org/wiki/양정역_(남양주)","2026-09-21","역 문서 좌표 대조; 측량 정확도 또는 모든 출처의 일치를 보증하지 않음"
"도심","source_reviewed","37.5799389","127.2225806","https://ko.wikipedia.org/wiki/도심역","2026-09-21","역 문서 좌표 대조; 측량 정확도 또는 모든 출처의 일치를 보증하지 않음"
"팔당","source_reviewed","37.5482722","127.2439861","https://ko.wikipedia.org/wiki/팔당역","2026-09-21","역 문서 좌표 대조; 측량 정확도 또는 모든 출처의 일치를 보증하지 않음"
"운길산","source_reviewed","37.55194","127.3075","https://ko.wikipedia.org/wiki/운길산역","2026-09-21","역 문서 좌표 대조; 측량 정확도 또는 모든 출처의 일치를 보증하지 않음"
"양수","source_reviewed","37.54556","127.32917","https://ko.wikipedia.org/wiki/양수역","2026-09-21","역 문서 좌표 대조; 측량 정확도 또는 모든 출처의 일치를 보증하지 않음"
"신원","source_reviewed","37.5259806","127.3724806","https://ko.wikipedia.org/wiki/신원역_(양평)","2026-09-21","역 문서 좌표 대조; 측량 정확도 또는 모든 출처의 일치를 보증하지 않음"
"국수","source_reviewed","37.5161806","127.3993889","https://ko.wikipedia.org/wiki/국수역","2026-09-21","역 문서 좌표 대조; 측량 정확도 또는 모든 출처의 일치를 보증하지 않음"
"아신","source_reviewed","37.5139306","127.4429889","https://ko.wikipedia.org/wiki/아신역","2026-09-21","역 문서 좌표 대조; 측량 정확도 또는 모든 출처의 일치를 보증하지 않음"
"오빈","source_reviewed","37.5060306","127.47385","https://ko.wikipedia.org/wiki/오빈역","2026-09-21","역 문서 좌표 대조; 측량 정확도 또는 모든 출처의 일치를 보증하지 않음"
"원덕","source_reviewed","37.46333","127.54556","https://ko.wikipedia.org/wiki/원덕역","2026-09-21","역 문서 좌표 대조; 측량 정확도 또는 모든 출처의 일치를 보증하지 않음"
"용문","source_reviewed","37.4822167","127.5945722","https://ko.wikipedia.org/wiki/용문역_(양평)","2026-09-21","역 문서 좌표 대조; 측량 정확도 또는 모든 출처의 일치를 보증하지 않음"
"지평","source_reviewed","37.4762972","127.6294278","https://ko.wikipedia.org/wiki/지평역","2026-09-21","역 문서 좌표 대조; 측량 정확도 또는 모든 출처의 일치를 보증하지 않음"
"석불","source_reviewed","37.46","127.65472","https://ko.wikipedia.org/wiki/석불역","2026-09-21","역 문서 좌표 대조; 측량 정확도 또는 모든 출처의 일치를 보증하지 않음"
"일신","source_reviewed","37.44528","127.68861","https://ko.wikipedia.org/wiki/일신역_(양평)","2026-09-21","역 문서 좌표 대조; 측량 정확도 또는 모든 출처의 일치를 보증하지 않음"
"매곡","source_reviewed","37.43361","127.73139","https://ko.wikipedia.org/wiki/매곡역","2026-09-21","역 문서 좌표 대조; 측량 정확도 또는 모든 출처의 일치를 보증하지 않음"
"양동","source_reviewed","37.4202861","127.7547972","https://ko.wikipedia.org/wiki/양동역","2026-09-21","역 문서 좌표 대조; 측량 정확도 또는 모든 출처의 일치를 보증하지 않음"
"삼산","source_reviewed","37.39222","127.77972","https://ko.wikipedia.org/wiki/삼산역","2026-09-21","역 문서 좌표 대조; 측량 정확도 또는 모든 출처의 일치를 보증하지 않음"
"원주","source_reviewed","37.31611","127.92167","https://ko.wikipedia.org/wiki/원주역","2026-09-21","역 문서 좌표 대조; 측량 정확도 또는 모든 출처의 일치를 보증하지 않음"
"운학신호장","source_reviewed","37.200336","127.998133","https://ko.wikipedia.org/wiki/운학신호장","2026-09-21","역 문서 좌표 대조; 측량 정확도 또는 모든 출처의 일치를 보증하지 않음"
"봉양","source_reviewed","37.129806","128.131444","https://ko.wikipedia.org/wiki/봉양역","2026-09-21","역 문서 좌표 대조; 측량 정확도 또는 모든 출처의 일치를 보증하지 않음"
"제천조차장","source_reviewed","37.127694","128.1785","https://ko.wikipedia.org/wiki/제천조차장역","2026-09-21","역 문서 좌표 대조; 측량 정확도 또는 모든 출처의 일치를 보증하지 않음"
"제천","source_reviewed","37.127222","128.206167","https://ko.wikipedia.org/wiki/제천역","2026-09-21","역 문서 좌표 대조; 측량 정확도 또는 모든 출처의 일치를 보증하지 않음"
"고명","source_reviewed","37.113694","128.24225","https://ko.wikipedia.org/wiki/고명역","2026-09-21","역 문서 좌표 대조; 측량 정확도 또는 모든 출처의 일치를 보증하지 않음"
"삼곡","source_reviewed","37.0758556","128.2739833","https://ko.wikipedia.org/wiki/삼곡역","2026-09-21","역 문서 좌표 대조; 측량 정확도 또는 모든 출처의 일치를 보증하지 않음"
"도담","source_reviewed","37.024361","128.3265","https://ko.wikipedia.org/wiki/도담역","2026-09-21","역 문서 좌표 대조; 측량 정확도 또는 모든 출처의 일치를 보증하지 않음"
"단양","source_reviewed","36.973194","128.344028","https://ko.wikipedia.org/wiki/단양역","2026-09-21","역 문서 좌표 대조; 측량 정확도 또는 모든 출처의 일치를 보증하지 않음"
"풍기","source_reviewed","36.874278","128.523583","https://ko.wikipedia.org/wiki/풍기역","2026-09-21","역 문서 좌표 대조; 측량 정확도 또는 모든 출처의 일치를 보증하지 않음"
"옹천","source_reviewed","36.6852167","128.7036639","https://ko.wikipedia.org/wiki/옹천역","2026-09-21","역 문서 좌표 대조; 측량 정확도 또는 모든 출처의 일치를 보증하지 않음"
"안동","source_reviewed","36.5748719","128.6750067","https://ko.wikipedia.org/wiki/안동역","2026-09-21","역 문서 좌표 대조; 측량 정확도 또는 모든 출처의 일치를 보증하지 않음"
"의성","source_reviewed","36.35111","128.69556","https://ko.wikipedia.org/wiki/의성역","2026-09-21","역 문서 좌표 대조; 측량 정확도 또는 모든 출처의 일치를 보증하지 않음"
"군위","source_reviewed","36.16111","128.74583","https://ko.wikipedia.org/wiki/군위역","2026-09-21","역 문서 좌표 대조; 측량 정확도 또는 모든 출처의 일치를 보증하지 않음"
"북영천신호장","source_reviewed","35.9657528","128.91765","https://ko.wikipedia.org/wiki/북영천역","2026-09-21","역 문서 좌표 대조; 측량 정확도 또는 모든 출처의 일치를 보증하지 않음"
"아화","source_reviewed","35.89778","129.05139","https://ko.wikipedia.org/wiki/아화역","2026-09-21","역 문서 좌표 대조; 측량 정확도 또는 모든 출처의 일치를 보증하지 않음"
"모량","source_reviewed","35.82694","129.12417","https://ko.wikipedia.org/wiki/모량역","2026-09-21","역 문서 좌표 대조; 측량 정확도 또는 모든 출처의 일치를 보증하지 않음"
"신창원","source_reviewed","35.2331056","128.6397472","https://ko.wikipedia.org/wiki/신창원역","2026-09-21","역 문서 좌표 대조; 측량 정확도 또는 모든 출처의 일치를 보증하지 않음"
"남창원","source_reviewed","35.20306","128.65944","https://ko.wikipedia.org/wiki/남창원역","2026-09-21","역 문서 좌표 대조; 측량 정확도 또는 모든 출처의 일치를 보증하지 않음"
"성주사","source_reviewed","35.18806","128.6925","https://ko.wikipedia.org/wiki/성주사역","2026-09-21","역 문서 좌표 대조; 측량 정확도 또는 모든 출처의 일치를 보증하지 않음"
"경화","source_reviewed","35.15917","128.68667","https://ko.wikipedia.org/wiki/경화역","2026-09-21","역 문서 좌표 대조; 측량 정확도 또는 모든 출처의 일치를 보증하지 않음"
"진해","source_reviewed","35.1534167","128.6601222","https://ko.wikipedia.org/wiki/진해역","2026-09-21","역 문서 좌표 대조; 측량 정확도 또는 모든 출처의 일치를 보증하지 않음"
"통해","source_reviewed","35.1536306","128.6793472","https://ko.wikipedia.org/wiki/통해역","2026-09-21","역 문서 좌표 대조; 측량 정확도 또는 모든 출처의 일치를 보증하지 않음"
"청주","source_reviewed","36.6467139","127.3916306","https://ko.wikipedia.org/wiki/청주역","2026-09-21","역 문서 좌표 대조; 측량 정확도 또는 모든 출처의 일치를 보증하지 않음"
"오근장","source_reviewed","36.7","127.47833","https://ko.wikipedia.org/wiki/오근장역","2026-09-21","역 문서 좌표 대조; 측량 정확도 또는 모든 출처의 일치를 보증하지 않음"
"청주공항","source_reviewed","36.72139","127.48972","https://ko.wikipedia.org/wiki/청주공항역","2026-09-21","역 문서 좌표 대조; 측량 정확도 또는 모든 출처의 일치를 보증하지 않음"
"내수","source_reviewed","36.72833","127.53639","https://ko.wikipedia.org/wiki/내수역","2026-09-21","역 문서 좌표 대조; 측량 정확도 또는 모든 출처의 일치를 보증하지 않음"
"증평","source_reviewed","36.77806","127.58306","https://ko.wikipedia.org/wiki/증평역","2026-09-21","역 문서 좌표 대조; 측량 정확도 또는 모든 출처의 일치를 보증하지 않음"
"도안","source_reviewed","36.813389973","127.614398017","https://rail.blue/railroad/logis/stationinfo.aspx?id=696","2026-09-21","역 문서 좌표 대조; 측량 정확도 또는 모든 출처의 일치를 보증하지 않음"
"보천","source_reviewed","36.87667","127.65861","https://ko.wikipedia.org/wiki/보천역","2026-09-21","역 문서 좌표 대조; 측량 정확도 또는 모든 출처의 일치를 보증하지 않음"
"음성","source_reviewed","36.92603","127.70390194","https://ko.wikipedia.org/wiki/음성역","2026-09-21","역 문서 좌표 대조; 측량 정확도 또는 모든 출처의 일치를 보증하지 않음"
"소이","source_reviewed","36.9225","127.75639","https://ko.wikipedia.org/wiki/소이역","2026-09-21","역 문서 좌표 대조; 측량 정확도 또는 모든 출처의 일치를 보증하지 않음"
"주덕","source_reviewed","36.97333","127.80222","https://ko.wikipedia.org/wiki/주덕역","2026-09-21","역 문서 좌표 대조; 측량 정확도 또는 모든 출처의 일치를 보증하지 않음"
"달천","source_reviewed","36.96056","127.88","https://ko.wikipedia.org/wiki/달천역","2026-09-21","역 문서 좌표 대조; 측량 정확도 또는 모든 출처의 일치를 보증하지 않음"
"목행","source_reviewed","37.01694","127.93222","https://ko.wikipedia.org/wiki/목행역","2026-09-21","역 문서 좌표 대조; 측량 정확도 또는 모든 출처의 일치를 보증하지 않음"
"동량","source_reviewed","37.03333","127.97056","https://ko.wikipedia.org/wiki/동량역","2026-09-21","역 문서 좌표 대조; 측량 정확도 또는 모든 출처의 일치를 보증하지 않음"
"삼탄","source_reviewed","37.07306","128.03833","https://ko.wikipedia.org/wiki/삼탄역","2026-09-21","역 문서 좌표 대조; 측량 정확도 또는 모든 출처의 일치를 보증하지 않음"
"공전","source_reviewed","37.10083","128.07806","https://ko.wikipedia.org/wiki/공전역","2026-09-21","역 문서 좌표 대조; 측량 정확도 또는 모든 출처의 일치를 보증하지 않음"
"입석리","source_reviewed","37.1968583","128.297639","https://ko.wikipedia.org/wiki/입석리역","2026-09-21","역 문서 좌표 대조; 측량 정확도 또는 모든 출처의 일치를 보증하지 않음"
"쌍룡","source_reviewed","37.17462913","128.328491207","https://rail.blue/railroad/logis/stationinfo.aspx?id=720","2026-09-21","역 문서 좌표 대조; 측량 정확도 또는 모든 출처의 일치를 보증하지 않음"
"연당","source_reviewed","37.1851028","128.396275","https://ko.wikipedia.org/wiki/연당역","2026-09-21","역 문서 좌표 대조; 측량 정확도 또는 모든 출처의 일치를 보증하지 않음"
"청령포","source_reviewed","37.17139","128.45194","https://ko.wikipedia.org/wiki/청령포역","2026-09-21","역 문서 좌표 대조; 측량 정확도 또는 모든 출처의 일치를 보증하지 않음"
"영월","source_reviewed","37.182425","128.4810111","https://ko.wikipedia.org/wiki/영월역","2026-09-21","역 문서 좌표 대조; 측량 정확도 또는 모든 출처의 일치를 보증하지 않음"
"탄부","source_reviewed","37.18333","128.50917","https://ko.wikipedia.org/wiki/탄부역","2026-09-21","역 문서 좌표 대조; 측량 정확도 또는 모든 출처의 일치를 보증하지 않음"
"연하","source_reviewed","37.19155","128.55611","https://ko.wikipedia.org/wiki/연하역","2026-09-21","역 문서 좌표 대조; 측량 정확도 또는 모든 출처의 일치를 보증하지 않음"
"석항","source_reviewed","37.19722","128.62028","https://ko.wikipedia.org/wiki/석항역","2026-09-21","역 문서 좌표 대조; 측량 정확도 또는 모든 출처의 일치를 보증하지 않음"
"예미","source_reviewed","37.2127167","128.6501222","https://ko.wikipedia.org/wiki/예미역","2026-09-21","역 문서 좌표 대조; 측량 정확도 또는 모든 출처의 일치를 보증하지 않음"
"조동","source_reviewed","37.22806","128.6975","https://ko.wikipedia.org/wiki/조동역","2026-09-21","역 문서 좌표 대조; 측량 정확도 또는 모든 출처의 일치를 보증하지 않음"
"자미원","source_reviewed","37.2360778","128.733583","https://ko.wikipedia.org/wiki/자미원역","2026-09-21","역 문서 좌표 대조; 측량 정확도 또는 모든 출처의 일치를 보증하지 않음"
"사북","source_reviewed","37.22611","128.81694","https://ko.wikipedia.org/wiki/사북역","2026-09-21","역 문서 좌표 대조; 측량 정확도 또는 모든 출처의 일치를 보증하지 않음"
"고한","source_reviewed","37.20083","128.85278","https://ko.wikipedia.org/wiki/고한역","2026-09-21","역 문서 좌표 대조; 측량 정확도 또는 모든 출처의 일치를 보증하지 않음"
"추전","source_reviewed","37.2","128.9499528","https://ko.wikipedia.org/wiki/추전역","2026-09-21","역 문서 좌표 대조; 측량 정확도 또는 모든 출처의 일치를 보증하지 않음"
"태백","source_reviewed","37.1760083","128.98385","https://ko.wikipedia.org/wiki/태백역","2026-09-21","역 문서 좌표 대조; 측량 정확도 또는 모든 출처의 일치를 보증하지 않음"
"문곡","source_reviewed","37.15165","128.990175","https://ko.wikipedia.org/wiki/문곡역","2026-09-21","역 문서 좌표 대조; 측량 정확도 또는 모든 출처의 일치를 보증하지 않음"
"창내","source_reviewed","36.99389","127.00389","https://ko.wikipedia.org/wiki/창내역","2026-09-21","역 문서 좌표 대조; 측량 정확도 또는 모든 출처의 일치를 보증하지 않음"
"신대신호소","source_reviewed","37.00028","127.06417","https://ko.wikipedia.org/wiki/신대신호소","2026-09-21","역 문서 좌표 대조; 측량 정확도 또는 모든 출처의 일치를 보증하지 않음"
"함백","source_reviewed","37.215778","128.697625","https://ko.wikipedia.org/wiki/함백역","2026-09-21","역 문서 좌표 대조; 측량 정확도 또는 모든 출처의 일치를 보증하지 않음"
"공주","source_reviewed","36.33245306","127.09685306","https://ko.wikipedia.org/wiki/공주역","2026-09-21","역 문서 좌표 대조; 측량 정확도 또는 모든 출처의 일치를 보증하지 않음"
"정읍","source_reviewed","35.57556","126.8425","https://ko.wikipedia.org/wiki/정읍역","2026-09-21","역 문서 좌표 대조; 측량 정확도 또는 모든 출처의 일치를 보증하지 않음"
"서대전","source_reviewed","36.322475","127.4032944","https://ko.wikipedia.org/wiki/서대전역","2026-09-21","역 문서 좌표 대조; 측량 정확도 또는 모든 출처의 일치를 보증하지 않음"
"가수원","source_reviewed","36.29944","127.35639","https://ko.wikipedia.org/wiki/가수원역","2026-09-21","역 문서 좌표 대조; 측량 정확도 또는 모든 출처의 일치를 보증하지 않음"
"흑석리","source_reviewed","36.2552417","127.3390667","https://ko.wikipedia.org/wiki/흑석리역","2026-09-21","역 문서 좌표 대조; 측량 정확도 또는 모든 출처의 일치를 보증하지 않음"
"원정","source_reviewed","36.25389","127.305","https://ko.wikipedia.org/wiki/원정역","2026-09-21","역 문서 좌표 대조; 측량 정확도 또는 모든 출처의 일치를 보증하지 않음"
"계룡","source_reviewed","36.2726667","127.2656528","https://ko.wikipedia.org/wiki/계룡역","2026-09-21","역 문서 좌표 대조; 측량 정확도 또는 모든 출처의 일치를 보증하지 않음"
"신도","source_reviewed","36.28333","127.24139","https://ko.wikipedia.org/wiki/신도역","2026-09-21","역 문서 좌표 대조; 측량 정확도 또는 모든 출처의 일치를 보증하지 않음"
"개태사","source_reviewed","36.24139","127.22694","https://ko.wikipedia.org/wiki/개태사역","2026-09-21","역 문서 좌표 대조; 측량 정확도 또는 모든 출처의 일치를 보증하지 않음"
"연산","source_reviewed","36.21222","127.20056","https://ko.wikipedia.org/wiki/연산역_(논산)","2026-09-21","역 문서 좌표 대조; 측량 정확도 또는 모든 출처의 일치를 보증하지 않음"
"부황","source_reviewed","36.225","127.15278","https://ko.wikipedia.org/wiki/부황역","2026-09-21","역 문서 좌표 대조; 측량 정확도 또는 모든 출처의 일치를 보증하지 않음"
"논산","source_reviewed","36.2072722","127.0925","https://ko.wikipedia.org/wiki/논산역","2026-09-21","역 문서 좌표 대조; 측량 정확도 또는 모든 출처의 일치를 보증하지 않음"
"채화","source_reviewed","36.164889389","127.058986306","https://ko.wikipedia.org/wiki/채화역","2026-09-21","역 문서 좌표 대조; 측량 정확도 또는 모든 출처의 일치를 보증하지 않음"
"강경","source_reviewed","36.15417","127.01556","https://ko.wikipedia.org/wiki/강경역","2026-09-21","역 문서 좌표 대조; 측량 정확도 또는 모든 출처의 일치를 보증하지 않음"
"용동","source_reviewed","36.10917","126.99083","https://ko.wikipedia.org/wiki/용동역","2026-09-21","역 문서 좌표 대조; 측량 정확도 또는 모든 출처의 일치를 보증하지 않음"
"함열","source_reviewed","36.0799528","126.9571528","https://ko.wikipedia.org/wiki/함열역","2026-09-21","역 문서 좌표 대조; 측량 정확도 또는 모든 출처의 일치를 보증하지 않음"
"다산","source_reviewed","36.05056","126.94861","https://ko.wikipedia.org/wiki/다산역_(폐역)","2026-09-21","역 문서 좌표 대조; 측량 정확도 또는 모든 출처의 일치를 보증하지 않음"
"황등","source_reviewed","35.9997194","126.9433472","https://ko.wikipedia.org/wiki/황등역","2026-09-21","역 문서 좌표 대조; 측량 정확도 또는 모든 출처의 일치를 보증하지 않음"
"부용","source_reviewed","35.8775","126.94361","https://ko.wikipedia.org/wiki/부용역","2026-09-21","역 문서 좌표 대조; 측량 정확도 또는 모든 출처의 일치를 보증하지 않음"
"와룡","source_reviewed","35.8475","126.94111","https://ko.wikipedia.org/wiki/와룡역","2026-09-21","역 문서 좌표 대조; 측량 정확도 또는 모든 출처의 일치를 보증하지 않음"
"김제","source_reviewed","35.793503","126.905436","https://ko.wikipedia.org/wiki/김제역","2026-09-21","역 문서 좌표 대조; 측량 정확도 또는 모든 출처의 일치를 보증하지 않음"
"감곡","source_reviewed","35.73333","126.89722","https://ko.wikipedia.org/wiki/감곡역","2026-09-21","역 문서 좌표 대조; 측량 정확도 또는 모든 출처의 일치를 보증하지 않음"
"신태인","source_reviewed","35.6875194","126.8843028","https://ko.wikipedia.org/wiki/신태인역","2026-09-21","역 문서 좌표 대조; 측량 정확도 또는 모든 출처의 일치를 보증하지 않음"
"초강","source_reviewed","35.64028","126.87667","https://ko.wikipedia.org/wiki/초강역","2026-09-21","역 문서 좌표 대조; 측량 정확도 또는 모든 출처의 일치를 보증하지 않음"
"천원","source_reviewed","35.525672881","126.818622956","https://rail.blue/railroad/logis/stationinfo.aspx?id=757","2026-09-21","역 문서 좌표 대조; 측량 정확도 또는 모든 출처의 일치를 보증하지 않음"
"노령","source_reviewed","35.49","126.80056","https://ko.wikipedia.org/wiki/노령역","2026-09-21","역 문서 좌표 대조; 측량 정확도 또는 모든 출처의 일치를 보증하지 않음"
"백양사","source_reviewed","35.43139","126.80806","https://ko.wikipedia.org/wiki/백양사역","2026-09-21","역 문서 좌표 대조; 측량 정확도 또는 모든 출처의 일치를 보증하지 않음"
"신흥리","source_reviewed","35.38444","126.7975","https://ko.wikipedia.org/wiki/신흥리역","2026-09-21","역 문서 좌표 대조; 측량 정확도 또는 모든 출처의 일치를 보증하지 않음"
"장성","source_reviewed","35.3001139","126.7796167","https://ko.wikipedia.org/wiki/장성역","2026-09-21","역 문서 좌표 대조; 측량 정확도 또는 모든 출처의 일치를 보증하지 않음"
"옥정","source_reviewed","35.258071457","126.74662413","https://rail.blue/railroad/logis/stationinfo.aspx?id=4821452","2026-09-21","역 문서 좌표 대조; 측량 정확도 또는 모든 출처의 일치를 보증하지 않음"
"임곡","source_reviewed","35.21806","126.745","https://ko.wikipedia.org/wiki/임곡역","2026-09-21","역 문서 좌표 대조; 측량 정확도 또는 모든 출처의 일치를 보증하지 않음"
"하남","source_reviewed","35.175","126.79611","https://ko.wikipedia.org/wiki/하남역","2026-09-21","역 문서 좌표 대조; 측량 정확도 또는 모든 출처의 일치를 보증하지 않음"
"노안","source_reviewed","35.06611","126.74222","https://ko.wikipedia.org/wiki/노안역","2026-09-21","역 문서 좌표 대조; 측량 정확도 또는 모든 출처의 일치를 보증하지 않음"
"나주","source_reviewed","35.0142611","126.7169944","https://ko.wikipedia.org/wiki/나주역","2026-09-21","역 문서 좌표 대조; 측량 정확도 또는 모든 출처의 일치를 보증하지 않음"
"영산포","source_reviewed","35.00528","126.70667","https://ko.wikipedia.org/wiki/영산포역","2026-09-21","역 문서 좌표 대조; 측량 정확도 또는 모든 출처의 일치를 보증하지 않음"
"다시","source_reviewed","35.01667","126.64083","https://ko.wikipedia.org/wiki/다시역","2026-09-21","역 문서 좌표 대조; 측량 정확도 또는 모든 출처의 일치를 보증하지 않음"
"함평","source_reviewed","35.0239778","126.5387972","https://ko.wikipedia.org/wiki/함평역","2026-09-21","역 문서 좌표 대조; 측량 정확도 또는 모든 출처의 일치를 보증하지 않음"
"무안","source_reviewed","34.96234806","126.51717306","https://ko.wikipedia.org/wiki/무안역","2026-09-21","역 문서 좌표 대조; 측량 정확도 또는 모든 출처의 일치를 보증하지 않음"
"몽탄","source_reviewed","34.92972","126.50306","https://ko.wikipedia.org/wiki/몽탄역","2026-09-21","역 문서 좌표 대조; 측량 정확도 또는 모든 출처의 일치를 보증하지 않음"
"목포","source_reviewed","34.79194","126.38722","https://ko.wikipedia.org/wiki/목포역","2026-09-21","역 문서 좌표 대조; 측량 정확도 또는 모든 출처의 일치를 보증하지 않음"
"양원(봉화)","source_reviewed","36.9647639","129.0915694","https://ko.wikipedia.org/wiki/양원역_(봉화)","2026-09-21","영동선 봉화 양원; 서울 양원과 분리"
